Processing lilygo-t-embed-cc1101 (board: lilygo-t-embed-cc1101; platform: https://github.com/pioarduino/platform-espressif32/releases/download/55.03.39/platform-espressif32.zip; framework: arduino)
--------------------------------------------------------------------------------
Library Manager: Installing h2zero/NimBLE-Arduino
Library Manager: Installing h2zero/NimBLE-Arduino
Library Manager: Installing h2zero/NimBLE-Arduino
Library Manager: Installing whywilson/ESP-PN532-UART
Verbose mode can be enabled via `-v, --verbose` option
[GZIP & EMBED INTO HEADER] - Nothing to process.
ae56fe5480611f036a40c7264b9e5c94478eab62cadc274a2dcabeed691b9488 ae56fe5480611f036a40c7264b9e5c94478eab62cadc274a2dcabeed691b9488
Patching library conflicts with ESP32 core...
Already patched: .pio/libdeps\lilygo-t-embed-cc1101\ESP8266SAM\src\render.c
Already patched: .pio/libdeps\lilygo-t-embed-cc1101\ESP8266SAM\src\render.c
Already patched: .pio/libdeps\lilygo-t-embed-cc1101\JPEGDecoder\src\picojpeg.c
Already patched: .pio/libdeps\lilygo-t-embed-cc1101\JPEGDecoder\src\picojpeg.c
Already patched: .pio/libdeps\lilygo-t-embed-cc1101\ESP Amiibolink\src\amiibolink.h
Already patched: .pio/libdeps\lilygo-t-embed-cc1101\ESP Chameleon Ultra\src\chameleonUltra.h
Already patched: .pio/libdeps\lilygo-t-embed-cc1101\ESP PN32BLE\src\pn532_ble.h
Already patched: .pio/libdeps\lilygo-t-embed-cc1101\ST25R3916-fork\src\rfal_rfst25r3916.cpp
Already patched: .pio/libdeps\lilygo-t-embed-cc1101\ST25R3916-fork\src\rfal_rfst25r3916.cpp
Already patched: .pio/libdeps\lilygo-t-embed-cc1101\ST25R3916-fork\src\rfal_rfst25r3916.cpp
Already patched: .pio/libdeps\lilygo-t-embed-cc1101\ST25R3916-fork\src\rfal_rfst25r3916.h
Already patched: .pio/libdeps\lilygo-t-embed-cc1101\ST25R3916-fork\src\rfal_rfst25r3916.cpp
Already patched: .pio/libdeps\lilygo-t-embed-cc1101\ST25R3916-fork\src\st25r3916_interrupt.cpp
Already patched: .pio/libdeps\lilygo-t-embed-cc1101\ST25R3916-fork\src\st25r3916_interrupt.cpp
Already patched: .pio/libdeps\lilygo-t-embed-cc1101\ST25R3916-fork\src\rfal_rfst25r3916.cpp
Already patched: .pio/libdeps\lilygo-t-embed-cc1101\NFC-RFAL-fork\src\rfal_nfca.h
Already patched: .pio/libdeps\lilygo-t-embed-cc1101\NFC-RFAL-fork\src\rfal_nfca.cpp
Already patched: .pio/libdeps\lilygo-t-embed-cc1101\NFC-RFAL-fork\src\rfal_nfca.cpp
Already patched: .pio/libdeps\lilygo-t-embed-cc1101\NFC-RFAL-fork\src\rfal_nfca.cpp
CONFIGURATION: https://docs.platformio.org/page/boards/espressif32/lilygo-t-embed-cc1101.html
PLATFORM: Espressif 32 (55.3.39) > LilyGo T-Embed-PN532 (16M Flash 8M QSPI PSRAM)
HARDWARE: ESP32S3 240MHz, 320KB RAM, 16MB Flash
DEBUG: Current (esp-builtin) On-board (esp-builtin) External (cmsis-dap, esp-bridge, esp-prog, esp-prog-2, iot-bus-jtag, jlink, minimodule, olimex-arm-usb-ocd, olimex-arm-usb-ocd-h, olimex-arm-usb-tiny-h, olimex-jtag-tiny, tumpa)
PACKAGES: 
 - contrib-piohome @ 3.4.4 
 - framework-arduinoespressif32 @ 3.3.9 
 - framework-arduinoespressif32-libs @ 5.5.4+sha.735507283d 
 - tool-esp-rom-elfs @ 2024.10.11 
 - tool-esptoolpy @ 5.3.0 
 - tool-xtensa-esp-elf-gdb @ 17.1.0+20260402 
 - toolchain-xtensa-esp-elf @ 14.2.0+20260121
LDF: Library Dependency Finder -> https://bit.ly/configure-pio-ldf
LDF Modes: Finder ~ chain, Compatibility ~ soft
Found 90 compatible libraries
Scanning dependencies...
Dependency Graph
|-- WireGuard-ESP32 @ 0.1.5+sha.4e22d2e
|-- IRremoteESP8266 @ 2.8.6+sha.22cd38c
|-- Time @ 1.6.1
|-- LibSSH-ESP32 @ 5.9.0
|-- Adafruit BusIO @ 1.17.2-bruce.1+sha.27230c1
|-- Adafruit PN532 @ 1.3.3-bruce.1+sha.e91d695
|-- BER-TLV @ 0.0.0+20260908105021.sha.bd61b70
|-- RFID_MFRC522v2 @ 2.0.6+sha.a6977df
|-- ESP Chameleon Ultra @ 0.0.2+sha.f66f354
|-- ESP Amiibolink @ 0.0.2+sha.fc26412
|-- SimpleCLI @ 1.1.4+sha.b23d377
|-- ESP PN32BLE @ 0.0.2+sha.542f121
|-- ESP PN532 UART @ 0.0.2+sha.879e586
|-- ESP PN532Killer @ 0.0.7+sha.71bf110
|-- NTPClient @ 3.2.1
|-- ESP32Time @ 2.0.6
|-- FFat @ 3.3.9
|-- ArduinoJson @ 7.4.3
|-- ESP8266Audio @ 2.4.1
|-- ESP8266SAM @ 1.1.0
|-- TinyGPSPlus @ 1.1.0
|-- FFT @ 0.0.1
|-- NimBLE-Arduino @ 2.5.1
|-- RF24 @ 1.4.11
|-- Adafruit Si4713 Library @ 1.2.3
|-- JPEGDecoder @ 2.0.0
|-- SmartRC-CC1101-Driver-Lib @ 2.5.7+sha.7bba521
|-- mquickjs @ 0.0.6+sha.169b5ea
|-- OneWire @ 2.3.8+sha.42e045e
|-- ESP32-PSRamFS @ 1.0.6+sha.5ace2e6
|-- AnimatedGIF @ 2.2.3
|-- PNGdec @ 1.1.6
|-- ESPAsyncWebServer @ 3.12.0
|-- FastLED @ 3.10.3
|-- RadioLib @ 7.7.1
|-- ST25R3916-fork @ 1.1.0+sha.0c8e00f
|-- NFC-RFAL-fork @ 1.0.1+sha.7bde458
|-- XPowersLib @ 0.3.3
|-- utility
|-- Wire @ 3.3.9
|-- WiFi @ 3.3.9
|-- BruceHAL @ 7.3.1
|-- HTTPClient @ 3.3.9
|-- LittleFS @ 3.3.9
|-- Preferences @ 3.3.9
|-- Ethernet @ 3.3.9
|-- Networking @ 3.3.9
|-- SPI @ 3.3.9
|-- FS @ 3.3.9
|-- Bad_Usb_Lib
|-- TFT_eSPI QRcode @ 1.0.0
|-- AsyncTCP @ 3.5.0
|-- DNSServer @ 3.3.9
|-- RTC
|-- ESPmDNS @ 3.3.9
|-- PN532_SRIX
|-- NetworkClientSecure @ 3.3.9
|-- SPIFFS @ 3.3.9
Building in release mode
Compiling .pio\build\lilygo-t-embed-cc1101\FrameworkArduinoVariant\variant.cpp.o
Compiling .pio\build\lilygo-t-embed-cc1101\lib8ec\WireGuard-ESP32\WireGuard.cpp.o
Compiling .pio\build\lilygo-t-embed-cc1101\lib8ec\WireGuard-ESP32\crypto.c.o
Compiling .pio\build\lilygo-t-embed-cc1101\lib8ec\WireGuard-ESP32\crypto\refc\blake2s.c.o
Compiling .pio\build\lilygo-t-embed-cc1101\lib8ec\WireGuard-ESP32\crypto\refc\chacha20.c.o
Compiling .pio\build\lilygo-t-embed-cc1101\lib8ec\WireGuard-ESP32\crypto\refc\chacha20poly1305.c.o
Compiling .pio\build\lilygo-t-embed-cc1101\lib8ec\WireGuard-ESP32\crypto\refc\poly1305-donna.c.o
Compiling .pio\build\lilygo-t-embed-cc1101\lib8ec\WireGuard-ESP32\crypto\refc\x25519.c.o
Compiling .pio\build\lilygo-t-embed-cc1101\lib8ec\WireGuard-ESP32\wireguard-platform.c.o
Compiling .pio\build\lilygo-t-embed-cc1101\lib8ec\WireGuard-ESP32\wireguard.c.o
Compiling .pio\build\lilygo-t-embed-cc1101\lib8ec\WireGuard-ESP32\wireguardif.c.o
Compiling .pio\build\lilygo-t-embed-cc1101\libbbf\IRremoteESP8266\IRac.cpp.o
Compiling .pio\build\lilygo-t-embed-cc1101\libbbf\IRremoteESP8266\IRrecv.cpp.o
Compiling .pio\build\lilygo-t-embed-cc1101\libbbf\IRremoteESP8266\IRsend.cpp.o
Compiling .pio\build\lilygo-t-embed-cc1101\libbbf\IRremoteESP8266\IRtext.cpp.o
Compiling .pio\build\lilygo-t-embed-cc1101\libbbf\IRremoteESP8266\IRtimer.cpp.o
Compiling .pio\build\lilygo-t-embed-cc1101\libbbf\IRremoteESP8266\IRutils.cpp.o
Compiling .pio\build\lilygo-t-embed-cc1101\libbbf\IRremoteESP8266\ir_Airton.cpp.o
Compiling .pio\build\lilygo-t-embed-cc1101\libbbf\IRremoteESP8266\ir_Airwell.cpp.o
Compiling .pio\build\lilygo-t-embed-cc1101\libbbf\IRremoteESP8266\ir_Aiwa.cpp.o
Compiling .pio\build\lilygo-t-embed-cc1101\libbbf\IRremoteESP8266\ir_Amcor.cpp.o
Compiling .pio\build\lilygo-t-embed-cc1101\libbbf\IRremoteESP8266\ir_Argo.cpp.o
Compiling .pio\build\lilygo-t-embed-cc1101\libbbf\IRremoteESP8266\ir_Arris.cpp.o
Compiling .pio\build\lilygo-t-embed-cc1101\libbbf\IRremoteESP8266\ir_BluestarHeavy.cpp.o
Compiling .pio\build\lilygo-t-embed-cc1101\libbbf\IRremoteESP8266\ir_Bosch.cpp.o
Compiling .pio\build\lilygo-t-embed-cc1101\libbbf\IRremoteESP8266\ir_Bose.cpp.o
Compiling .pio\build\lilygo-t-embed-cc1101\libbbf\IRremoteESP8266\ir_Carrier.cpp.o
python : .pio/libdeps/lilygo-t-embed-cc1101/IRremoteESP8266/src/IRrecv.cpp: In function 'void gpio_intr()':
Au caractère Ligne:4 : 1
+ python -m platformio run -e lilygo-t-embed-cc1101 2>&1 | Tee-Object - ...
+ ~~~~~~~~~~~~~~~~~~~~~~~~~~~~~~~~~~~~~~~~~~~~~~~~~~~~~~
    + CategoryInfo          : NotSpecified: (.pio/libdeps/li...d gpio_intr()'::String) [], RemoteException
    + FullyQualifiedErrorId : NativeCommandError
 
.pio/libdeps/lilygo-t-embed-cc1101/IRremoteESP8266/src/IRrecv.cpp:222:10: warning: '++' expression of 
'volatile'-qualified type is deprecated [-Wvolatile]
  222 |   params.rawlen++;
      |   ~~~~~~~^~~~~~
Compiling .pio\build\lilygo-t-embed-cc1101\libbbf\IRremoteESP8266\ir_ClimaButler.cpp.o
Compiling .pio\build\lilygo-t-embed-cc1101\libbbf\IRremoteESP8266\ir_Coolix.cpp.o
Compiling .pio\build\lilygo-t-embed-cc1101\libbbf\IRremoteESP8266\ir_Corona.cpp.o
Compiling .pio\build\lilygo-t-embed-cc1101\libbbf\IRremoteESP8266\ir_Daikin.cpp.o
Compiling .pio\build\lilygo-t-embed-cc1101\libbbf\IRremoteESP8266\ir_Delonghi.cpp.o
Compiling .pio\build\lilygo-t-embed-cc1101\libbbf\IRremoteESP8266\ir_Denon.cpp.o
Compiling .pio\build\lilygo-t-embed-cc1101\libbbf\IRremoteESP8266\ir_Dish.cpp.o
Compiling .pio\build\lilygo-t-embed-cc1101\libbbf\IRremoteESP8266\ir_Doshisha.cpp.o
Compiling .pio\build\lilygo-t-embed-cc1101\libbbf\IRremoteESP8266\ir_Ecoclim.cpp.o
Compiling .pio\build\lilygo-t-embed-cc1101\libbbf\IRremoteESP8266\ir_Electra.cpp.o
Compiling .pio\build\lilygo-t-embed-cc1101\libbbf\IRremoteESP8266\ir_EliteScreens.cpp.o
Compiling .pio\build\lilygo-t-embed-cc1101\libbbf\IRremoteESP8266\ir_Epson.cpp.o
Compiling .pio\build\lilygo-t-embed-cc1101\libbbf\IRremoteESP8266\ir_Fujitsu.cpp.o
Compiling .pio\build\lilygo-t-embed-cc1101\libbbf\IRremoteESP8266\ir_GICable.cpp.o
Compiling .pio\build\lilygo-t-embed-cc1101\libbbf\IRremoteESP8266\ir_GlobalCache.cpp.o
Compiling .pio\build\lilygo-t-embed-cc1101\libbbf\IRremoteESP8266\ir_Goodweather.cpp.o
Compiling .pio\build\lilygo-t-embed-cc1101\libbbf\IRremoteESP8266\ir_Gorenje.cpp.o
Compiling .pio\build\lilygo-t-embed-cc1101\libbbf\IRremoteESP8266\ir_Gree.cpp.o
Compiling .pio\build\lilygo-t-embed-cc1101\libbbf\IRremoteESP8266\ir_Haier.cpp.o
Compiling .pio\build\lilygo-t-embed-cc1101\libbbf\IRremoteESP8266\ir_Hitachi.cpp.o
Compiling .pio\build\lilygo-t-embed-cc1101\libbbf\IRremoteESP8266\ir_Inax.cpp.o
Compiling .pio\build\lilygo-t-embed-cc1101\libbbf\IRremoteESP8266\ir_JVC.cpp.o
Compiling .pio\build\lilygo-t-embed-cc1101\libbbf\IRremoteESP8266\ir_Kelon.cpp.o
Compiling .pio\build\lilygo-t-embed-cc1101\libbbf\IRremoteESP8266\ir_Kelvinator.cpp.o
Compiling .pio\build\lilygo-t-embed-cc1101\libbbf\IRremoteESP8266\ir_LG.cpp.o
Compiling .pio\build\lilygo-t-embed-cc1101\libbbf\IRremoteESP8266\ir_Lasertag.cpp.o
Compiling .pio\build\lilygo-t-embed-cc1101\libbbf\IRremoteESP8266\ir_Lego.cpp.o
Compiling .pio\build\lilygo-t-embed-cc1101\libbbf\IRremoteESP8266\ir_Lutron.cpp.o
Compiling .pio\build\lilygo-t-embed-cc1101\libbbf\IRremoteESP8266\ir_MWM.cpp.o
Compiling .pio\build\lilygo-t-embed-cc1101\libbbf\IRremoteESP8266\ir_Magiquest.cpp.o
Compiling .pio\build\lilygo-t-embed-cc1101\libbbf\IRremoteESP8266\ir_Metz.cpp.o
Compiling .pio\build\lilygo-t-embed-cc1101\libbbf\IRremoteESP8266\ir_Midea.cpp.o
Compiling .pio\build\lilygo-t-embed-cc1101\libbbf\IRremoteESP8266\ir_MilesTag2.cpp.o
Compiling .pio\build\lilygo-t-embed-cc1101\libbbf\IRremoteESP8266\ir_Mirage.cpp.o
Compiling .pio\build\lilygo-t-embed-cc1101\libbbf\IRremoteESP8266\ir_Mitsubishi.cpp.o
Compiling .pio\build\lilygo-t-embed-cc1101\libbbf\IRremoteESP8266\ir_MitsubishiHeavy.cpp.o
Compiling .pio\build\lilygo-t-embed-cc1101\libbbf\IRremoteESP8266\ir_Multibrackets.cpp.o
Compiling .pio\build\lilygo-t-embed-cc1101\libbbf\IRremoteESP8266\ir_NEC.cpp.o
Compiling .pio\build\lilygo-t-embed-cc1101\libbbf\IRremoteESP8266\ir_Neoclima.cpp.o
Compiling .pio\build\lilygo-t-embed-cc1101\libbbf\IRremoteESP8266\ir_Nikai.cpp.o
Compiling .pio\build\lilygo-t-embed-cc1101\libbbf\IRremoteESP8266\ir_Panasonic.cpp.o
Compiling .pio\build\lilygo-t-embed-cc1101\libbbf\IRremoteESP8266\ir_Pioneer.cpp.o
Compiling .pio\build\lilygo-t-embed-cc1101\libbbf\IRremoteESP8266\ir_Pronto.cpp.o
Compiling .pio\build\lilygo-t-embed-cc1101\libbbf\IRremoteESP8266\ir_RC5_RC6.cpp.o
Compiling .pio\build\lilygo-t-embed-cc1101\libbbf\IRremoteESP8266\ir_RCMM.cpp.o
Compiling .pio\build\lilygo-t-embed-cc1101\libbbf\IRremoteESP8266\ir_Rhoss.cpp.o
Compiling .pio\build\lilygo-t-embed-cc1101\libbbf\IRremoteESP8266\ir_Samsung.cpp.o
Compiling .pio\build\lilygo-t-embed-cc1101\libbbf\IRremoteESP8266\ir_Sanyo.cpp.o
Compiling .pio\build\lilygo-t-embed-cc1101\libbbf\IRremoteESP8266\ir_Sharp.cpp.o
Compiling .pio\build\lilygo-t-embed-cc1101\libbbf\IRremoteESP8266\ir_Sherwood.cpp.o
Compiling .pio\build\lilygo-t-embed-cc1101\libbbf\IRremoteESP8266\ir_Sony.cpp.o
Compiling .pio\build\lilygo-t-embed-cc1101\libbbf\IRremoteESP8266\ir_Symphony.cpp.o
Compiling .pio\build\lilygo-t-embed-cc1101\libbbf\IRremoteESP8266\ir_Tcl.cpp.o
Compiling .pio\build\lilygo-t-embed-cc1101\libbbf\IRremoteESP8266\ir_Technibel.cpp.o
Compiling .pio\build\lilygo-t-embed-cc1101\libbbf\IRremoteESP8266\ir_Teco.cpp.o
Compiling .pio\build\lilygo-t-embed-cc1101\libbbf\IRremoteESP8266\ir_Teknopoint.cpp.o
Compiling .pio\build\lilygo-t-embed-cc1101\libbbf\IRremoteESP8266\ir_Toshiba.cpp.o
Compiling .pio\build\lilygo-t-embed-cc1101\libbbf\IRremoteESP8266\ir_Toto.cpp.o
Compiling .pio\build\lilygo-t-embed-cc1101\libbbf\IRremoteESP8266\ir_Transcold.cpp.o
Compiling .pio\build\lilygo-t-embed-cc1101\libbbf\IRremoteESP8266\ir_Trotec.cpp.o
Compiling .pio\build\lilygo-t-embed-cc1101\libbbf\IRremoteESP8266\ir_Truma.cpp.o
Compiling .pio\build\lilygo-t-embed-cc1101\libbbf\IRremoteESP8266\ir_Vestel.cpp.o
Compiling .pio\build\lilygo-t-embed-cc1101\libbbf\IRremoteESP8266\ir_Voltas.cpp.o
Compiling .pio\build\lilygo-t-embed-cc1101\libbbf\IRremoteESP8266\ir_Whirlpool.cpp.o
Compiling .pio\build\lilygo-t-embed-cc1101\libbbf\IRremoteESP8266\ir_Whynter.cpp.o
Compiling .pio\build\lilygo-t-embed-cc1101\libbbf\IRremoteESP8266\ir_Wowwee.cpp.o
Compiling .pio\build\lilygo-t-embed-cc1101\libbbf\IRremoteESP8266\ir_Xmp.cpp.o
Compiling .pio\build\lilygo-t-embed-cc1101\libbbf\IRremoteESP8266\ir_York.cpp.o
Compiling .pio\build\lilygo-t-embed-cc1101\libbbf\IRremoteESP8266\ir_Zepeal.cpp.o
Compiling .pio\build\lilygo-t-embed-cc1101\lib39f\Time\DateStrings.cpp.o
Compiling .pio\build\lilygo-t-embed-cc1101\lib39f\Time\Time.cpp.o
Compiling .pio\build\lilygo-t-embed-cc1101\lib536\PNGdec\PNGdec.cpp.o
Compiling .pio\build\lilygo-t-embed-cc1101\lib536\PNGdec\adler32.c.o
Compiling .pio\build\lilygo-t-embed-cc1101\lib536\PNGdec\crc32.c.o
Compiling .pio\build\lilygo-t-embed-cc1101\lib536\PNGdec\infback.c.o
Compiling .pio\build\lilygo-t-embed-cc1101\lib536\PNGdec\inffast.c.o
Compiling .pio\build\lilygo-t-embed-cc1101\lib536\PNGdec\inflate.c.o
Compiling .pio\build\lilygo-t-embed-cc1101\lib536\PNGdec\inftrees.c.o
Compiling .pio\build\lilygo-t-embed-cc1101\lib536\PNGdec\s3_simd_rgb565.S.o
Compiling .pio\build\lilygo-t-embed-cc1101\lib536\PNGdec\zutil.c.o
Compiling .pio\build\lilygo-t-embed-cc1101\lib642\LibSSH-ESP32\agent.c.o
Compiling .pio\build\lilygo-t-embed-cc1101\lib642\LibSSH-ESP32\auth.c.o
Compiling .pio\build\lilygo-t-embed-cc1101\lib642\LibSSH-ESP32\base64.c.o
Compiling .pio\build\lilygo-t-embed-cc1101\lib642\LibSSH-ESP32\bignum.c.o
Compiling .pio\build\lilygo-t-embed-cc1101\lib642\LibSSH-ESP32\bind.c.o
Compiling .pio\build\lilygo-t-embed-cc1101\lib642\LibSSH-ESP32\bind_config.c.o
Compiling .pio\build\lilygo-t-embed-cc1101\lib642\LibSSH-ESP32\buffer.c.o
Compiling .pio\build\lilygo-t-embed-cc1101\lib642\LibSSH-ESP32\callbacks.c.o
Compiling .pio\build\lilygo-t-embed-cc1101\lib642\LibSSH-ESP32\channels.c.o
Compiling .pio\build\lilygo-t-embed-cc1101\lib642\LibSSH-ESP32\client.c.o
Compiling .pio\build\lilygo-t-embed-cc1101\lib642\LibSSH-ESP32\config.c.o
Compiling .pio\build\lilygo-t-embed-cc1101\lib642\LibSSH-ESP32\config_parser.c.o
Compiling .pio\build\lilygo-t-embed-cc1101\lib642\LibSSH-ESP32\connect.c.o
Compiling .pio\build\lilygo-t-embed-cc1101\lib642\LibSSH-ESP32\crypto_common.c.o
Compiling .pio\build\lilygo-t-embed-cc1101\lib642\LibSSH-ESP32\curve25519.c.o
Compiling .pio\build\lilygo-t-embed-cc1101\lib642\LibSSH-ESP32\dh-gex.c.o
Compiling .pio\build\lilygo-t-embed-cc1101\lib642\LibSSH-ESP32\dh.c.o
Compiling .pio\build\lilygo-t-embed-cc1101\lib642\LibSSH-ESP32\dh_key.c.o
Compiling .pio\build\lilygo-t-embed-cc1101\lib642\LibSSH-ESP32\ecdh.c.o
Compiling .pio\build\lilygo-t-embed-cc1101\lib642\LibSSH-ESP32\ecdh_mbedcrypto.c.o
Compiling .pio\build\lilygo-t-embed-cc1101\lib642\LibSSH-ESP32\error.c.o
Compiling .pio\build\lilygo-t-embed-cc1101\lib642\LibSSH-ESP32\external\bcrypt_pbkdf.c.o
Compiling .pio\build\lilygo-t-embed-cc1101\lib642\LibSSH-ESP32\external\blowfish.c.o
Compiling .pio\build\lilygo-t-embed-cc1101\lib642\LibSSH-ESP32\external\curve25519_ref.c.o
Compiling .pio\build\lilygo-t-embed-cc1101\lib642\LibSSH-ESP32\external\ed25519.c.o
Compiling .pio\build\lilygo-t-embed-cc1101\lib642\LibSSH-ESP32\external\fe25519.c.o
Compiling .pio\build\lilygo-t-embed-cc1101\lib642\LibSSH-ESP32\external\ge25519.c.o
Compiling .pio\build\lilygo-t-embed-cc1101\lib642\LibSSH-ESP32\external\sc25519.c.o
Compiling .pio\build\lilygo-t-embed-cc1101\lib642\LibSSH-ESP32\getpass.c.o
Compiling .pio\build\lilygo-t-embed-cc1101\lib642\LibSSH-ESP32\getrandom_mbedcrypto.c.o
Compiling .pio\build\lilygo-t-embed-cc1101\lib642\LibSSH-ESP32\gzip.c.o
Compiling .pio\build\lilygo-t-embed-cc1101\lib642\LibSSH-ESP32\init.c.o
Compiling .pio\build\lilygo-t-embed-cc1101\lib642\LibSSH-ESP32\kdf.c.o
Compiling .pio\build\lilygo-t-embed-cc1101\lib642\LibSSH-ESP32\kex.c.o
Compiling .pio\build\lilygo-t-embed-cc1101\lib642\LibSSH-ESP32\knownhosts.c.o
Compiling .pio\build\lilygo-t-embed-cc1101\lib642\LibSSH-ESP32\libmbedcrypto.c.o
Compiling .pio\build\lilygo-t-embed-cc1101\lib642\LibSSH-ESP32\libssh_esp32.cpp.o
Compiling .pio\build\lilygo-t-embed-cc1101\lib642\LibSSH-ESP32\libssh_esp32_compat.c.o
Compiling .pio\build\lilygo-t-embed-cc1101\lib642\LibSSH-ESP32\log.c.o
Compiling .pio\build\lilygo-t-embed-cc1101\lib642\LibSSH-ESP32\match.c.o
Compiling .pio\build\lilygo-t-embed-cc1101\lib642\LibSSH-ESP32\mbedcrypto_missing.c.o
Compiling .pio\build\lilygo-t-embed-cc1101\lib642\LibSSH-ESP32\md_mbedcrypto.c.o
Compiling .pio\build\lilygo-t-embed-cc1101\lib642\LibSSH-ESP32\messages.c.o
Compiling .pio\build\lilygo-t-embed-cc1101\lib642\LibSSH-ESP32\misc.c.o
Compiling .pio\build\lilygo-t-embed-cc1101\lib642\LibSSH-ESP32\options.c.o
Compiling .pio\build\lilygo-t-embed-cc1101\lib642\LibSSH-ESP32\packet.c.o
.pio/libdeps/lilygo-t-embed-cc1101/LibSSH-ESP32/src/libssh_esp32_compat.c:13:38: warning: initialization discards 
'const' qualifier from pointer target type [-Wdiscarded-qualifiers]
   13 | #define LIBSSH_ESP32_COMPAT_USERNAME "root"
      |                                      ^~~~~~
.pio/libdeps/lilygo-t-embed-cc1101/LibSSH-ESP32/src/libssh_esp32_compat.c:45:5: note: in expansion of macro 
'LIBSSH_ESP32_COMPAT_USERNAME'
   45 |   { LIBSSH_ESP32_COMPAT_USERNAME, /* password: */"", LIBSSH_ESP32_COMPAT_UID,
      |     ^~~~~~~~~~~~~~~~~~~~~~~~~~~~
.pio/libdeps/lilygo-t-embed-cc1101/LibSSH-ESP32/src/libssh_esp32_compat.c:45:50: warning: initialization discards 
'const' qualifier from pointer target type [-Wdiscarded-qualifiers]
   45 |   { LIBSSH_ESP32_COMPAT_USERNAME, /* password: */"", LIBSSH_ESP32_COMPAT_UID,
      |                                                  ^~
.pio/libdeps/lilygo-t-embed-cc1101/LibSSH-ESP32/src/libssh_esp32_compat.c:46:44: warning: initialization discards 
'const' qualifier from pointer target type [-Wdiscarded-qualifiers]
   46 |     LIBSSH_ESP32_COMPAT_GID, /* comment: */"", /* gecos: */"",
      |                                            ^~
.pio/libdeps/lilygo-t-embed-cc1101/LibSSH-ESP32/src/libssh_esp32_compat.c:46:60: warning: initialization discards 
'const' qualifier from pointer target type [-Wdiscarded-qualifiers]
   46 |     LIBSSH_ESP32_COMPAT_GID, /* comment: */"", /* gecos: */"",
      |                                                            ^~
.pio/libdeps/lilygo-t-embed-cc1101/LibSSH-ESP32/src/libssh_esp32_compat.c:22:37: warning: initialization discards 
'const' qualifier from pointer target type [-Wdiscarded-qualifiers]
   22 | #define LIBSSH_ESP32_COMPAT_HOMEDIR "/spiffs"
      |                                     ^~~~~~~~~
.pio/libdeps/lilygo-t-embed-cc1101/LibSSH-ESP32/src/libssh_esp32_compat.c:47:5: note: in expansion of macro 
'LIBSSH_ESP32_COMPAT_HOMEDIR'
   47 |     LIBSSH_ESP32_COMPAT_HOMEDIR, /* shell: */"" };
      |     ^~~~~~~~~~~~~~~~~~~~~~~~~~~
.pio/libdeps/lilygo-t-embed-cc1101/LibSSH-ESP32/src/libssh_esp32_compat.c:47:46: warning: initialization discards 
'const' qualifier from pointer target type [-Wdiscarded-qualifiers]
   47 |     LIBSSH_ESP32_COMPAT_HOMEDIR, /* shell: */"" };
      |                                              ^~
Compiling .pio\build\lilygo-t-embed-cc1101\lib642\LibSSH-ESP32\packet_cb.c.o
Compiling .pio\build\lilygo-t-embed-cc1101\lib642\LibSSH-ESP32\packet_crypt.c.o
Compiling .pio\build\lilygo-t-embed-cc1101\lib642\LibSSH-ESP32\pki.c.o
Compiling .pio\build\lilygo-t-embed-cc1101\lib642\LibSSH-ESP32\pki_container_openssh.c.o
Compiling .pio\build\lilygo-t-embed-cc1101\lib642\LibSSH-ESP32\pki_ed25519.c.o
Compiling .pio\build\lilygo-t-embed-cc1101\lib642\LibSSH-ESP32\pki_ed25519_common.c.o
Compiling .pio\build\lilygo-t-embed-cc1101\lib642\LibSSH-ESP32\pki_mbedcrypto.c.o
Compiling .pio\build\lilygo-t-embed-cc1101\lib642\LibSSH-ESP32\poll.c.o
Compiling .pio\build\lilygo-t-embed-cc1101\lib642\LibSSH-ESP32\scp.c.o
Compiling .pio\build\lilygo-t-embed-cc1101\lib642\LibSSH-ESP32\server.c.o
Compiling .pio\build\lilygo-t-embed-cc1101\lib642\LibSSH-ESP32\session.c.o
Compiling .pio\build\lilygo-t-embed-cc1101\lib642\LibSSH-ESP32\socket.c.o
Compiling .pio\build\lilygo-t-embed-cc1101\lib642\LibSSH-ESP32\string.c.o
Compiling .pio\build\lilygo-t-embed-cc1101\lib642\LibSSH-ESP32\threads.c.o
Compiling .pio\build\lilygo-t-embed-cc1101\lib642\LibSSH-ESP32\threads\mbedtls.c.o
Compiling .pio\build\lilygo-t-embed-cc1101\lib642\LibSSH-ESP32\threads\noop.c.o
Compiling .pio\build\lilygo-t-embed-cc1101\lib642\LibSSH-ESP32\token.c.o
Compiling .pio\build\lilygo-t-embed-cc1101\lib642\LibSSH-ESP32\ttyopts.c.o
.pio/libdeps/lilygo-t-embed-cc1101/LibSSH-ESP32/src/scp.c: In function 'ssh_scp_new':
.pio/libdeps/lilygo-t-embed-cc1101/LibSSH-ESP32/src/scp.c:110:5: warning: 'ssh_scp_free' is deprecated 
[-Wdeprecated-declarations]
  110 |     ssh_scp_free(scp);
      |     ^~~~~~~~~~~~
In file included from .pio/libdeps/lilygo-t-embed-cc1101/LibSSH-ESP32/src/libssh/priv.h:199,
                 from .pio/libdeps/lilygo-t-embed-cc1101/LibSSH-ESP32/src/scp.c:30:
.pio/libdeps/lilygo-t-embed-cc1101/LibSSH-ESP32/src/libssh/libssh.h:592:32: note: declared here
  592 | SSH_DEPRECATED LIBSSH_API void ssh_scp_free(ssh_scp scp);
      |                                ^~~~~~~~~~~~
.pio/libdeps/lilygo-t-embed-cc1101/LibSSH-ESP32/src/scp.c: In function 'ssh_scp_free':
.pio/libdeps/lilygo-t-embed-cc1101/LibSSH-ESP32/src/scp.c:303:9: warning: 'ssh_scp_close' is deprecated 
[-Wdeprecated-declarations]
  303 |         ssh_scp_close(scp);
      |         ^~~~~~~~~~~~~
.pio/libdeps/lilygo-t-embed-cc1101/LibSSH-ESP32/src/scp.c:249:5: note: declared here
  249 | int ssh_scp_close(ssh_scp scp)
      |     ^~~~~~~~~~~~~
.pio/libdeps/lilygo-t-embed-cc1101/LibSSH-ESP32/src/scp.c: In function 'ssh_scp_push_file':
.pio/libdeps/lilygo-t-embed-cc1101/LibSSH-ESP32/src/scp.c:577:5: warning: 'ssh_scp_push_file64' is deprecated 
[-Wdeprecated-declarations]
  577 |     return ssh_scp_push_file64(scp, filename, (uint64_t) size, mode);
      |     ^~~~~~
.pio/libdeps/lilygo-t-embed-cc1101/LibSSH-ESP32/src/scp.c:472:5: note: declared here
  472 | int ssh_scp_push_file64(ssh_scp scp, const char *filename, uint64_t size,
      |     ^~~~~~~~~~~~~~~~~~~
.pio/libdeps/lilygo-t-embed-cc1101/LibSSH-ESP32/src/scp.c: In function 'ssh_scp_read':
.pio/libdeps/lilygo-t-embed-cc1101/LibSSH-ESP32/src/scp.c:1039:9: warning: 'ssh_scp_accept_request' is deprecated 
[-Wdeprecated-declarations]
 1039 |         rc = ssh_scp_accept_request(scp);
      |         ^~
.pio/libdeps/lilygo-t-embed-cc1101/LibSSH-ESP32/src/scp.c:985:5: note: declared here
  985 | int ssh_scp_accept_request(ssh_scp scp)
      |     ^~~~~~~~~~~~~~~~~~~~~~
Compiling .pio\build\lilygo-t-embed-cc1101\lib642\LibSSH-ESP32\wrapper.c.o
Compiling .pio\build\lilygo-t-embed-cc1101\lib04d\Wire\Wire.cpp.o
Compiling .pio\build\lilygo-t-embed-cc1101\libb4a\SPI\SPI.cpp.o
Compiling .pio\build\lilygo-t-embed-cc1101\lib036\Adafruit BusIO\Adafruit_BusIO_Register.cpp.o
Compiling .pio\build\lilygo-t-embed-cc1101\lib036\Adafruit BusIO\Adafruit_GenericDevice.cpp.o
Compiling .pio\build\lilygo-t-embed-cc1101\lib036\Adafruit BusIO\Adafruit_I2CDevice.cpp.o
Compiling .pio\build\lilygo-t-embed-cc1101\lib036\Adafruit BusIO\Adafruit_SPIDevice.cpp.o
Compiling .pio\build\lilygo-t-embed-cc1101\lib32d\Adafruit PN532\Adafruit_PN532.cpp.o
Compiling .pio\build\lilygo-t-embed-cc1101\libf92\BER-TLV\BerTlv.cpp.o
Compiling .pio\build\lilygo-t-embed-cc1101\libf92\BER-TLV\tests.cpp.o
Compiling .pio\build\lilygo-t-embed-cc1101\libc54\RFID_MFRC522v2\MFRC522Debug.cpp.o
Compiling .pio\build\lilygo-t-embed-cc1101\libc54\RFID_MFRC522v2\MFRC522DriverI2C.cpp.o
Compiling .pio\build\lilygo-t-embed-cc1101\libc54\RFID_MFRC522v2\MFRC522DriverSPI.cpp.o
Compiling .pio\build\lilygo-t-embed-cc1101\libc54\RFID_MFRC522v2\MFRC522Hack.cpp.o
Compiling .pio\build\lilygo-t-embed-cc1101\libc54\RFID_MFRC522v2\MFRC522v2.cpp.o
Compiling .pio\build\lilygo-t-embed-cc1101\lib82e\NimBLE-Arduino\NimBLE2904.cpp.o
Compiling .pio\build\lilygo-t-embed-cc1101\lib82e\NimBLE-Arduino\NimBLEAddress.cpp.o
Compiling .pio\build\lilygo-t-embed-cc1101\lib82e\NimBLE-Arduino\NimBLEAdvertisedDevice.cpp.o
Compiling .pio\build\lilygo-t-embed-cc1101\lib82e\NimBLE-Arduino\NimBLEAdvertisementData.cpp.o
Compiling .pio\build\lilygo-t-embed-cc1101\lib82e\NimBLE-Arduino\NimBLEAdvertising.cpp.o
Compiling .pio\build\lilygo-t-embed-cc1101\lib82e\NimBLE-Arduino\NimBLEAttValue.cpp.o
Compiling .pio\build\lilygo-t-embed-cc1101\lib82e\NimBLE-Arduino\NimBLEBeacon.cpp.o
Compiling .pio\build\lilygo-t-embed-cc1101\lib82e\NimBLE-Arduino\NimBLECharacteristic.cpp.o
Compiling .pio\build\lilygo-t-embed-cc1101\lib82e\NimBLE-Arduino\NimBLEClient.cpp.o
Compiling .pio\build\lilygo-t-embed-cc1101\lib82e\NimBLE-Arduino\NimBLEDescriptor.cpp.o
Compiling .pio\build\lilygo-t-embed-cc1101\lib82e\NimBLE-Arduino\NimBLEDevice.cpp.o
Compiling .pio\build\lilygo-t-embed-cc1101\lib82e\NimBLE-Arduino\NimBLEEddystoneTLM.cpp.o
Compiling .pio\build\lilygo-t-embed-cc1101\lib82e\NimBLE-Arduino\NimBLEExtAdvertising.cpp.o
Compiling .pio\build\lilygo-t-embed-cc1101\lib82e\NimBLE-Arduino\NimBLEHIDDevice.cpp.o
Compiling .pio\build\lilygo-t-embed-cc1101\lib82e\NimBLE-Arduino\NimBLEL2CAPChannel.cpp.o
Compiling .pio\build\lilygo-t-embed-cc1101\lib82e\NimBLE-Arduino\NimBLEL2CAPServer.cpp.o
Compiling .pio\build\lilygo-t-embed-cc1101\lib82e\NimBLE-Arduino\NimBLERemoteCharacteristic.cpp.o
Compiling .pio\build\lilygo-t-embed-cc1101\lib82e\NimBLE-Arduino\NimBLERemoteDescriptor.cpp.o
Compiling .pio\build\lilygo-t-embed-cc1101\lib82e\NimBLE-Arduino\NimBLERemoteService.cpp.o
Compiling .pio\build\lilygo-t-embed-cc1101\lib82e\NimBLE-Arduino\NimBLERemoteValueAttribute.cpp.o
Compiling .pio\build\lilygo-t-embed-cc1101\lib82e\NimBLE-Arduino\NimBLEScan.cpp.o
Compiling .pio\build\lilygo-t-embed-cc1101\lib82e\NimBLE-Arduino\NimBLEServer.cpp.o
Compiling .pio\build\lilygo-t-embed-cc1101\lib82e\NimBLE-Arduino\NimBLEService.cpp.o
Compiling .pio\build\lilygo-t-embed-cc1101\lib82e\NimBLE-Arduino\NimBLEStream.cpp.o
Compiling .pio\build\lilygo-t-embed-cc1101\lib82e\NimBLE-Arduino\NimBLEUUID.cpp.o
Compiling .pio\build\lilygo-t-embed-cc1101\lib82e\NimBLE-Arduino\NimBLEUtils.cpp.o
Compiling .pio\build\lilygo-t-embed-cc1101\lib82e\NimBLE-Arduino\nimble\esp_port\esp-hci\src\esp_nimble_hci.c.o
Compiling .pio\build\lilygo-t-embed-cc1101\lib82e\NimBLE-Arduino\nimble\esp_port\esp-hci\src\na_hci_driver.c.o
Compiling .pio\build\lilygo-t-embed-cc1101\lib82e\NimBLE-Arduino\nimble\esp_port\esp-hci\src\na_hci_transport.c.o
Compiling .pio\build\lilygo-t-embed-cc1101\lib82e\NimBLE-Arduino\nimble\esp_port\port\src\exp_nimble_mem.c.o
Compiling .pio\build\lilygo-t-embed-cc1101\lib82e\NimBLE-Arduino\nimble\ext\tinycrypt\src\aes_decrypt.c.o
Compiling .pio\build\lilygo-t-embed-cc1101\lib82e\NimBLE-Arduino\nimble\ext\tinycrypt\src\aes_encrypt.c.o
Compiling .pio\build\lilygo-t-embed-cc1101\lib82e\NimBLE-Arduino\nimble\ext\tinycrypt\src\cbc_mode.c.o
Compiling .pio\build\lilygo-t-embed-cc1101\lib82e\NimBLE-Arduino\nimble\ext\tinycrypt\src\ccm_mode.c.o
Compiling .pio\build\lilygo-t-embed-cc1101\lib82e\NimBLE-Arduino\nimble\ext\tinycrypt\src\cmac_mode.c.o
Compiling .pio\build\lilygo-t-embed-cc1101\lib82e\NimBLE-Arduino\nimble\ext\tinycrypt\src\ctr_mode.c.o
Compiling .pio\build\lilygo-t-embed-cc1101\lib82e\NimBLE-Arduino\nimble\ext\tinycrypt\src\ctr_prng.c.o
Compiling .pio\build\lilygo-t-embed-cc1101\lib82e\NimBLE-Arduino\nimble\ext\tinycrypt\src\ecc.c.o
Compiling .pio\build\lilygo-t-embed-cc1101\lib82e\NimBLE-Arduino\nimble\ext\tinycrypt\src\ecc_dh.c.o
Compiling .pio\build\lilygo-t-embed-cc1101\lib82e\NimBLE-Arduino\nimble\ext\tinycrypt\src\ecc_dsa.c.o
Compiling .pio\build\lilygo-t-embed-cc1101\lib82e\NimBLE-Arduino\nimble\ext\tinycrypt\src\ecc_platform_specific.c.o
Compiling .pio\build\lilygo-t-embed-cc1101\lib82e\NimBLE-Arduino\nimble\ext\tinycrypt\src\hmac.c.o
Compiling .pio\build\lilygo-t-embed-cc1101\lib82e\NimBLE-Arduino\nimble\ext\tinycrypt\src\hmac_prng.c.o
Compiling .pio\build\lilygo-t-embed-cc1101\lib82e\NimBLE-Arduino\nimble\ext\tinycrypt\src\sha256.c.o
Compiling .pio\build\lilygo-t-embed-cc1101\lib82e\NimBLE-Arduino\nimble\ext\tinycrypt\src\utils.c.o
Compiling .pio\build\lilygo-t-embed-cc1101\lib82e\NimBLE-Arduino\nimble\nimble\controller\src\ble_ll.c.o
Compiling .pio\build\lilygo-t-embed-cc1101\lib82e\NimBLE-Arduino\nimble\nimble\controller\src\ble_ll_adv.c.o
Compiling .pio\build\lilygo-t-embed-cc1101\lib82e\NimBLE-Arduino\nimble\nimble\controller\src\ble_ll_conn.c.o
Compiling .pio\build\lilygo-t-embed-cc1101\lib82e\NimBLE-Arduino\nimble\nimble\controller\src\ble_ll_conn_hci.c.o
Compiling .pio\build\lilygo-t-embed-cc1101\lib82e\NimBLE-Arduino\nimble\nimble\controller\src\ble_ll_crypto.c.o
Compiling .pio\build\lilygo-t-embed-cc1101\lib82e\NimBLE-Arduino\nimble\nimble\controller\src\ble_ll_ctrl.c.o
Compiling .pio\build\lilygo-t-embed-cc1101\lib82e\NimBLE-Arduino\nimble\nimble\controller\src\ble_ll_dtm.c.o
Compiling .pio\build\lilygo-t-embed-cc1101\lib82e\NimBLE-Arduino\nimble\nimble\controller\src\ble_ll_hci.c.o
Compiling .pio\build\lilygo-t-embed-cc1101\lib82e\NimBLE-Arduino\nimble\nimble\controller\src\ble_ll_hci_ev.c.o
Compiling .pio\build\lilygo-t-embed-cc1101\lib82e\NimBLE-Arduino\nimble\nimble\controller\src\ble_ll_hci_supp_cmd.c.o
Compiling .pio\build\lilygo-t-embed-cc1101\lib82e\NimBLE-Arduino\nimble\nimble\controller\src\ble_ll_hci_vs.c.o
Compiling .pio\build\lilygo-t-embed-cc1101\lib82e\NimBLE-Arduino\nimble\nimble\controller\src\ble_ll_iso.c.o
Compiling .pio\build\lilygo-t-embed-cc1101\lib82e\NimBLE-Arduino\nimble\nimble\controller\src\ble_ll_iso_big.c.o
Compiling .pio\build\lilygo-t-embed-cc1101\lib82e\NimBLE-Arduino\nimble\nimble\controller\src\ble_ll_isoal.c.o
Compiling .pio\build\lilygo-t-embed-cc1101\lib82e\NimBLE-Arduino\nimble\nimble\controller\src\ble_ll_pdu.c.o
Compiling .pio\build\lilygo-t-embed-cc1101\lib82e\NimBLE-Arduino\nimble\nimble\controller\src\ble_ll_rand.c.o
Compiling .pio\build\lilygo-t-embed-cc1101\lib82e\NimBLE-Arduino\nimble\nimble\controller\src\ble_ll_resolv.c.o
Compiling .pio\build\lilygo-t-embed-cc1101\lib82e\NimBLE-Arduino\nimble\nimble\controller\src\ble_ll_rfmgmt.c.o
Compiling .pio\build\lilygo-t-embed-cc1101\lib82e\NimBLE-Arduino\nimble\nimble\controller\src\ble_ll_scan.c.o
Compiling .pio\build\lilygo-t-embed-cc1101\lib82e\NimBLE-Arduino\nimble\nimble\controller\src\ble_ll_scan_aux.c.o
Compiling .pio\build\lilygo-t-embed-cc1101\lib82e\NimBLE-Arduino\nimble\nimble\controller\src\ble_ll_sched.c.o
Compiling .pio\build\lilygo-t-embed-cc1101\lib82e\NimBLE-Arduino\nimble\nimble\controller\src\ble_ll_sync.c.o
Compiling .pio\build\lilygo-t-embed-cc1101\lib82e\NimBLE-Arduino\nimble\nimble\controller\src\ble_ll_trace.c.o
Compiling .pio\build\lilygo-t-embed-cc1101\lib82e\NimBLE-Arduino\nimble\nimble\controller\src\ble_ll_utils.c.o
Compiling .pio\build\lilygo-t-embed-cc1101\lib82e\NimBLE-Arduino\nimble\nimble\controller\src\ble_ll_whitelist.c.o
Compiling .pio\build\lilygo-t-embed-cc1101\lib82e\NimBLE-Arduino\nimble\nimble\drivers\nrf51\src\ble_hw.c.o
Compiling .pio\build\lilygo-t-embed-cc1101\lib82e\NimBLE-Arduino\nimble\nimble\drivers\nrf51\src\ble_phy.c.o
Compiling .pio\build\lilygo-t-embed-cc1101\lib82e\NimBLE-Arduino\nimble\nimble\drivers\nrf5x\src\ble_hw.c.o
Compiling .pio\build\lilygo-t-embed-cc1101\lib82e\NimBLE-Arduino\nimble\nimble\drivers\nrf5x\src\ble_phy.c.o
Compiling .pio\build\lilygo-t-embed-cc1101\lib82e\NimBLE-Arduino\nimble\nimble\drivers\nrf5x\src\ble_phy_trace.c.o
Compiling .pio\build\lilygo-t-embed-cc1101\lib82e\NimBLE-Arduino\nimble\nimble\drivers\nrf5x\src\nrf52\phy.c.o
Compiling .pio\build\lilygo-t-embed-cc1101\lib82e\NimBLE-Arduino\nimble\nimble\drivers\nrf5x\src\nrf53\phy.c.o
Compiling .pio\build\lilygo-t-embed-cc1101\lib82e\NimBLE-Arduino\nimble\nimble\host\mesh\src\access.c.o
Compiling .pio\build\lilygo-t-embed-cc1101\lib82e\NimBLE-Arduino\nimble\nimble\host\mesh\src\adv.c.o
Compiling .pio\build\lilygo-t-embed-cc1101\lib82e\NimBLE-Arduino\nimble\nimble\host\mesh\src\adv_ext.c.o
Compiling .pio\build\lilygo-t-embed-cc1101\lib82e\NimBLE-Arduino\nimble\nimble\host\mesh\src\adv_legacy.c.o
Compiling .pio\build\lilygo-t-embed-cc1101\lib82e\NimBLE-Arduino\nimble\nimble\host\mesh\src\aes-ccm.c.o
Compiling .pio\build\lilygo-t-embed-cc1101\lib82e\NimBLE-Arduino\nimble\nimble\host\mesh\src\app_keys.c.o
Compiling .pio\build\lilygo-t-embed-cc1101\lib82e\NimBLE-Arduino\nimble\nimble\host\mesh\src\beacon.c.o
Compiling .pio\build\lilygo-t-embed-cc1101\lib82e\NimBLE-Arduino\nimble\nimble\host\mesh\src\cdb.c.o
Compiling .pio\build\lilygo-t-embed-cc1101\lib82e\NimBLE-Arduino\nimble\nimble\host\mesh\src\cfg.c.o
Compiling .pio\build\lilygo-t-embed-cc1101\lib82e\NimBLE-Arduino\nimble\nimble\host\mesh\src\cfg_cli.c.o
Compiling .pio\build\lilygo-t-embed-cc1101\lib82e\NimBLE-Arduino\nimble\nimble\host\mesh\src\cfg_srv.c.o
Compiling .pio\build\lilygo-t-embed-cc1101\lib82e\NimBLE-Arduino\nimble\nimble\host\mesh\src\crypto.c.o
Compiling .pio\build\lilygo-t-embed-cc1101\lib82e\NimBLE-Arduino\nimble\nimble\host\mesh\src\friend.c.o
Compiling .pio\build\lilygo-t-embed-cc1101\lib82e\NimBLE-Arduino\nimble\nimble\host\mesh\src\glue.c.o
Compiling .pio\build\lilygo-t-embed-cc1101\lib82e\NimBLE-Arduino\nimble\nimble\host\mesh\src\health_cli.c.o
Compiling .pio\build\lilygo-t-embed-cc1101\lib82e\NimBLE-Arduino\nimble\nimble\host\mesh\src\health_srv.c.o
Compiling .pio\build\lilygo-t-embed-cc1101\lib82e\NimBLE-Arduino\nimble\nimble\host\mesh\src\heartbeat.c.o
Compiling .pio\build\lilygo-t-embed-cc1101\lib82e\NimBLE-Arduino\nimble\nimble\host\mesh\src\light_model.c.o
Compiling .pio\build\lilygo-t-embed-cc1101\lib82e\NimBLE-Arduino\nimble\nimble\host\mesh\src\lpn.c.o
Compiling .pio\build\lilygo-t-embed-cc1101\lib82e\NimBLE-Arduino\nimble\nimble\host\mesh\src\mesh.c.o
Compiling .pio\build\lilygo-t-embed-cc1101\lib82e\NimBLE-Arduino\nimble\nimble\host\mesh\src\model_cli.c.o
Compiling .pio\build\lilygo-t-embed-cc1101\lib82e\NimBLE-Arduino\nimble\nimble\host\mesh\src\model_srv.c.o
Compiling .pio\build\lilygo-t-embed-cc1101\lib82e\NimBLE-Arduino\nimble\nimble\host\mesh\src\msg.c.o
Compiling .pio\build\lilygo-t-embed-cc1101\lib82e\NimBLE-Arduino\nimble\nimble\host\mesh\src\net.c.o
Compiling .pio\build\lilygo-t-embed-cc1101\lib82e\NimBLE-Arduino\nimble\nimble\host\mesh\src\pb_adv.c.o
Compiling .pio\build\lilygo-t-embed-cc1101\lib82e\NimBLE-Arduino\nimble\nimble\host\mesh\src\pb_gatt.c.o
Compiling .pio\build\lilygo-t-embed-cc1101\lib82e\NimBLE-Arduino\nimble\nimble\host\mesh\src\pb_gatt_srv.c.o
Compiling .pio\build\lilygo-t-embed-cc1101\lib82e\NimBLE-Arduino\nimble\nimble\host\mesh\src\prov.c.o
Compiling .pio\build\lilygo-t-embed-cc1101\lib82e\NimBLE-Arduino\nimble\nimble\host\mesh\src\prov_device.c.o
Compiling .pio\build\lilygo-t-embed-cc1101\lib82e\NimBLE-Arduino\nimble\nimble\host\mesh\src\provisioner.c.o
Compiling .pio\build\lilygo-t-embed-cc1101\lib82e\NimBLE-Arduino\nimble\nimble\host\mesh\src\proxy.c.o
Compiling .pio\build\lilygo-t-embed-cc1101\lib82e\NimBLE-Arduino\nimble\nimble\host\mesh\src\proxy_msg.c.o
Compiling .pio\build\lilygo-t-embed-cc1101\lib82e\NimBLE-Arduino\nimble\nimble\host\mesh\src\proxy_srv.c.o
Compiling .pio\build\lilygo-t-embed-cc1101\lib82e\NimBLE-Arduino\nimble\nimble\host\mesh\src\rpl.c.o
Compiling .pio\build\lilygo-t-embed-cc1101\lib82e\NimBLE-Arduino\nimble\nimble\host\mesh\src\settings.c.o
Compiling .pio\build\lilygo-t-embed-cc1101\lib82e\NimBLE-Arduino\nimble\nimble\host\mesh\src\shell.c.o
Compiling .pio\build\lilygo-t-embed-cc1101\lib82e\NimBLE-Arduino\nimble\nimble\host\mesh\src\subnet.c.o
Compiling .pio\build\lilygo-t-embed-cc1101\lib82e\NimBLE-Arduino\nimble\nimble\host\mesh\src\testing.c.o
Compiling .pio\build\lilygo-t-embed-cc1101\lib82e\NimBLE-Arduino\nimble\nimble\host\mesh\src\transport.c.o
Compiling .pio\build\lilygo-t-embed-cc1101\lib82e\NimBLE-Arduino\nimble\nimble\host\services\gap\src\ble_svc_gap.c.o
Compiling .pio\build\lilygo-t-embed-cc1101\lib82e\NimBLE-Arduino\nimble\nimble\host\services\gatt\src\ble_svc_gatt.c.o
Compiling .pio\build\lilygo-t-embed-cc1101\lib82e\NimBLE-Arduino\nimble\nimble\host\src\ble_aes_ccm.c.o
Compiling .pio\build\lilygo-t-embed-cc1101\lib82e\NimBLE-Arduino\nimble\nimble\host\src\ble_att.c.o
Compiling .pio\build\lilygo-t-embed-cc1101\lib82e\NimBLE-Arduino\nimble\nimble\host\src\ble_att_clt.c.o
Compiling .pio\build\lilygo-t-embed-cc1101\lib82e\NimBLE-Arduino\nimble\nimble\host\src\ble_att_cmd.c.o
Compiling .pio\build\lilygo-t-embed-cc1101\lib82e\NimBLE-Arduino\nimble\nimble\host\src\ble_att_svr.c.o
Compiling .pio\build\lilygo-t-embed-cc1101\lib82e\NimBLE-Arduino\nimble\nimble\host\src\ble_dtm.c.o
Compiling .pio\build\lilygo-t-embed-cc1101\lib82e\NimBLE-Arduino\nimble\nimble\host\src\ble_ead.c.o
Compiling .pio\build\lilygo-t-embed-cc1101\lib82e\NimBLE-Arduino\nimble\nimble\host\src\ble_eatt.c.o
Compiling .pio\build\lilygo-t-embed-cc1101\lib82e\NimBLE-Arduino\nimble\nimble\host\src\ble_eddystone.c.o
Compiling .pio\build\lilygo-t-embed-cc1101\lib82e\NimBLE-Arduino\nimble\nimble\host\src\ble_gap.c.o
Compiling .pio\build\lilygo-t-embed-cc1101\lib82e\NimBLE-Arduino\nimble\nimble\host\src\ble_gattc.c.o
Compiling .pio\build\lilygo-t-embed-cc1101\lib82e\NimBLE-Arduino\nimble\nimble\host\src\ble_gattc_cache.c.o
Compiling .pio\build\lilygo-t-embed-cc1101\lib82e\NimBLE-Arduino\nimble\nimble\host\src\ble_gattc_cache_conn.c.o
Compiling .pio\build\lilygo-t-embed-cc1101\lib82e\NimBLE-Arduino\nimble\nimble\host\src\ble_gatts.c.o
Compiling .pio\build\lilygo-t-embed-cc1101\lib82e\NimBLE-Arduino\nimble\nimble\host\src\ble_gatts_lcl.c.o
Compiling .pio\build\lilygo-t-embed-cc1101\lib82e\NimBLE-Arduino\nimble\nimble\host\src\ble_hs.c.o
Compiling .pio\build\lilygo-t-embed-cc1101\lib82e\NimBLE-Arduino\nimble\nimble\host\src\ble_hs_adv.c.o
Compiling .pio\build\lilygo-t-embed-cc1101\lib82e\NimBLE-Arduino\nimble\nimble\host\src\ble_hs_atomic.c.o
Compiling .pio\build\lilygo-t-embed-cc1101\lib82e\NimBLE-Arduino\nimble\nimble\host\src\ble_hs_cfg.c.o
Compiling .pio\build\lilygo-t-embed-cc1101\lib82e\NimBLE-Arduino\nimble\nimble\host\src\ble_hs_conn.c.o
Compiling .pio\build\lilygo-t-embed-cc1101\lib82e\NimBLE-Arduino\nimble\nimble\host\src\ble_hs_flow.c.o
Compiling .pio\build\lilygo-t-embed-cc1101\lib82e\NimBLE-Arduino\nimble\nimble\host\src\ble_hs_hci.c.o
Compiling .pio\build\lilygo-t-embed-cc1101\lib82e\NimBLE-Arduino\nimble\nimble\host\src\ble_hs_hci_cmd.c.o
Compiling .pio\build\lilygo-t-embed-cc1101\lib82e\NimBLE-Arduino\nimble\nimble\host\src\ble_hs_hci_evt.c.o
Compiling .pio\build\lilygo-t-embed-cc1101\lib82e\NimBLE-Arduino\nimble\nimble\host\src\ble_hs_hci_util.c.o
Compiling .pio\build\lilygo-t-embed-cc1101\lib82e\NimBLE-Arduino\nimble\nimble\host\src\ble_hs_id.c.o
Compiling .pio\build\lilygo-t-embed-cc1101\lib82e\NimBLE-Arduino\nimble\nimble\host\src\ble_hs_log.c.o
Compiling .pio\build\lilygo-t-embed-cc1101\lib82e\NimBLE-Arduino\nimble\nimble\host\src\ble_hs_mbuf.c.o
Compiling .pio\build\lilygo-t-embed-cc1101\lib82e\NimBLE-Arduino\nimble\nimble\host\src\ble_hs_misc.c.o
Compiling .pio\build\lilygo-t-embed-cc1101\lib82e\NimBLE-Arduino\nimble\nimble\host\src\ble_hs_mqueue.c.o
Compiling .pio\build\lilygo-t-embed-cc1101\lib82e\NimBLE-Arduino\nimble\nimble\host\src\ble_hs_periodic_sync.c.o
Compiling .pio\build\lilygo-t-embed-cc1101\lib82e\NimBLE-Arduino\nimble\nimble\host\src\ble_hs_pvcy.c.o
Compiling .pio\build\lilygo-t-embed-cc1101\lib82e\NimBLE-Arduino\nimble\nimble\host\src\ble_hs_resolv.c.o
Compiling .pio\build\lilygo-t-embed-cc1101\lib82e\NimBLE-Arduino\nimble\nimble\host\src\ble_hs_shutdown.c.o
Compiling .pio\build\lilygo-t-embed-cc1101\lib82e\NimBLE-Arduino\nimble\nimble\host\src\ble_hs_startup.c.o
Compiling .pio\build\lilygo-t-embed-cc1101\lib82e\NimBLE-Arduino\nimble\nimble\host\src\ble_hs_stop.c.o
Compiling .pio\build\lilygo-t-embed-cc1101\lib82e\NimBLE-Arduino\nimble\nimble\host\src\ble_ibeacon.c.o
Compiling .pio\build\lilygo-t-embed-cc1101\lib82e\NimBLE-Arduino\nimble\nimble\host\src\ble_l2cap.c.o
Compiling .pio\build\lilygo-t-embed-cc1101\lib82e\NimBLE-Arduino\nimble\nimble\host\src\ble_l2cap_coc.c.o
Compiling .pio\build\lilygo-t-embed-cc1101\lib82e\NimBLE-Arduino\nimble\nimble\host\src\ble_l2cap_sig.c.o
Compiling .pio\build\lilygo-t-embed-cc1101\lib82e\NimBLE-Arduino\nimble\nimble\host\src\ble_l2cap_sig_cmd.c.o
Compiling .pio\build\lilygo-t-embed-cc1101\lib82e\NimBLE-Arduino\nimble\nimble\host\src\ble_sm.c.o
Compiling .pio\build\lilygo-t-embed-cc1101\lib82e\NimBLE-Arduino\nimble\nimble\host\src\ble_sm_alg.c.o
Compiling .pio\build\lilygo-t-embed-cc1101\lib82e\NimBLE-Arduino\nimble\nimble\host\src\ble_sm_cmd.c.o
Compiling .pio\build\lilygo-t-embed-cc1101\lib82e\NimBLE-Arduino\nimble\nimble\host\src\ble_sm_lgcy.c.o
Compiling .pio\build\lilygo-t-embed-cc1101\lib82e\NimBLE-Arduino\nimble\nimble\host\src\ble_sm_sc.c.o
Compiling .pio\build\lilygo-t-embed-cc1101\lib82e\NimBLE-Arduino\nimble\nimble\host\src\ble_store.c.o
Compiling .pio\build\lilygo-t-embed-cc1101\lib82e\NimBLE-Arduino\nimble\nimble\host\src\ble_store_util.c.o
Compiling .pio\build\lilygo-t-embed-cc1101\lib82e\NimBLE-Arduino\nimble\nimble\host\src\ble_uuid.c.o
Compiling .pio\build\lilygo-t-embed-cc1101\lib82e\NimBLE-Arduino\nimble\nimble\host\store\config\src\ble_store_config.c.o
Compiling .pio\build\lilygo-t-embed-cc1101\lib82e\NimBLE-Arduino\nimble\nimble\host\store\config\src\ble_store_config_conf.c.o
Compiling .pio\build\lilygo-t-embed-cc1101\lib82e\NimBLE-Arduino\nimble\nimble\host\store\config\src\ble_store_nvs.c.o
Compiling .pio\build\lilygo-t-embed-cc1101\lib82e\NimBLE-Arduino\nimble\nimble\host\store\ram\src\ble_store_ram.c.o
Compiling .pio\build\lilygo-t-embed-cc1101\lib82e\NimBLE-Arduino\nimble\nimble\host\util\src\addr.c.o
Compiling .pio\build\lilygo-t-embed-cc1101\lib82e\NimBLE-Arduino\nimble\nimble\transport\common\hci_h4\src\hci_h4.c.o
Compiling .pio\build\lilygo-t-embed-cc1101\lib82e\NimBLE-Arduino\nimble\nimble\transport\common\hci_ipc\src\hci_ipc.c.o
Compiling .pio\build\lilygo-t-embed-cc1101\lib82e\NimBLE-Arduino\nimble\nimble\transport\esp_ipc\src\hci_esp_ipc.c.o
Compiling .pio\build\lilygo-t-embed-cc1101\lib82e\NimBLE-Arduino\nimble\nimble\transport\esp_ipc_legacy\src\hci_esp_ipc_legacy.c.o
Compiling .pio\build\lilygo-t-embed-cc1101\lib82e\NimBLE-Arduino\nimble\nimble\transport\nrf5340\src\nrf5340_ble_hci.c.o
Compiling .pio\build\lilygo-t-embed-cc1101\lib82e\NimBLE-Arduino\nimble\nimble\transport\src\transport.c.o
Compiling .pio\build\lilygo-t-embed-cc1101\lib82e\NimBLE-Arduino\nimble\porting\nimble\src\endian.c.o
Compiling .pio\build\lilygo-t-embed-cc1101\lib82e\NimBLE-Arduino\nimble\porting\nimble\src\hal_timer.c.o
Compiling .pio\build\lilygo-t-embed-cc1101\lib82e\NimBLE-Arduino\nimble\porting\nimble\src\mem.c.o
Compiling .pio\build\lilygo-t-embed-cc1101\lib82e\NimBLE-Arduino\nimble\porting\nimble\src\nimble_port.c.o
Compiling .pio\build\lilygo-t-embed-cc1101\lib82e\NimBLE-Arduino\nimble\porting\nimble\src\os_cputime.c.o
Compiling .pio\build\lilygo-t-embed-cc1101\lib82e\NimBLE-Arduino\nimble\porting\nimble\src\os_cputime_pwr2.c.o
Compiling .pio\build\lilygo-t-embed-cc1101\lib82e\NimBLE-Arduino\nimble\porting\nimble\src\os_mbuf.c.o
Compiling .pio\build\lilygo-t-embed-cc1101\lib82e\NimBLE-Arduino\nimble\porting\nimble\src\os_mempool.c.o
Compiling .pio\build\lilygo-t-embed-cc1101\lib82e\NimBLE-Arduino\nimble\porting\nimble\src\os_msys_init.c.o
Compiling .pio\build\lilygo-t-embed-cc1101\lib82e\NimBLE-Arduino\nimble\porting\npl\freertos\src\nimble_port_freertos.c.o
Compiling .pio\build\lilygo-t-embed-cc1101\lib82e\NimBLE-Arduino\nimble\porting\npl\freertos\src\npl_os_freertos.c.o
Compiling .pio\build\lilygo-t-embed-cc1101\libe10\ESP Chameleon Ultra\chameleonUltra.cpp.o
Compiling .pio\build\lilygo-t-embed-cc1101\lib26f\ESP Amiibolink\amiibolink.cpp.o
Compiling .pio\build\lilygo-t-embed-cc1101\lib2bb\SimpleCLI\Argument.cpp.o
Compiling .pio\build\lilygo-t-embed-cc1101\lib2bb\SimpleCLI\Command.cpp.o
Compiling .pio\build\lilygo-t-embed-cc1101\lib2bb\SimpleCLI\CommandError.cpp.o
Compiling .pio\build\lilygo-t-embed-cc1101\lib2bb\SimpleCLI\SimpleCLI.cpp.o
Compiling .pio\build\lilygo-t-embed-cc1101\lib2bb\SimpleCLI\c\arg.c.o
Compiling .pio\build\lilygo-t-embed-cc1101\lib2bb\SimpleCLI\c\cmd.c.o
Compiling .pio\build\lilygo-t-embed-cc1101\lib2bb\SimpleCLI\c\cmd_error.c.o
Compiling .pio\build\lilygo-t-embed-cc1101\lib2bb\SimpleCLI\c\comparator.c.o
Compiling .pio\build\lilygo-t-embed-cc1101\lib2bb\SimpleCLI\c\parser.c.o
Compiling .pio\build\lilygo-t-embed-cc1101\lib707\ESP PN32BLE\pn532_ble.cpp.o
Compiling .pio\build\lilygo-t-embed-cc1101\libf47\ESP PN532 UART\PN532_UART.cpp.o
Compiling .pio\build\lilygo-t-embed-cc1101\libf47\ESP PN532 UART\TagTechnology.cpp.o
Compiling .pio\build\lilygo-t-embed-cc1101\lib762\ESP PN532Killer\PN532Killer.cpp.o
Compiling .pio\build\lilygo-t-embed-cc1101\lib762\ESP PN532Killer\PN532KillerTagTechnology.cpp.o
.pio/libdeps/lilygo-t-embed-cc1101/ESP Chameleon Ultra/src/chameleonUltra.cpp: In member function 'bool 
ChameleonUltra::cmdEnableSlot(uint8_t, TagSenseType)':
.pio/libdeps/lilygo-t-embed-cc1101/ESP Chameleon Ultra/src/chameleonUltra.cpp:446:27: warning: narrowing conversion of 
'(((int)slot) - 1)' from 'int' to 'uint8_t' {aka 'unsigned char'} [-Wnarrowing]
  446 |     uint8_t cmd[3] = {slot-1, freq, 0x01};
      |                       ~~~~^~
.pio/libdeps/lilygo-t-embed-cc1101/ESP Chameleon Ultra/src/chameleonUltra.cpp: In member function 'bool 
ChameleonUltra::cmdChangeActiveSlot(uint8_t)':
.pio/libdeps/lilygo-t-embed-cc1101/ESP Chameleon Ultra/src/chameleonUltra.cpp:457:27: warning: narrowing conversion of 
'(((int)slot) - 1)' from 'int' to 'uint8_t' {aka 'unsigned char'} [-Wnarrowing]
  457 |     uint8_t cmd[1] = {slot-1};
      |                       ~~~~^~
.pio/libdeps/lilygo-t-embed-cc1101/ESP Chameleon Ultra/src/chameleonUltra.cpp: In member function 'bool 
ChameleonUltra::cmdChangeSlotType(uint8_t, TagType)':
.pio/libdeps/lilygo-t-embed-cc1101/ESP Chameleon Ultra/src/chameleonUltra.cpp:468:27: warning: narrowing conversion of 
'(((int)slot) - 1)' from 'int' to 'uint8_t' {aka 'unsigned char'} [-Wnarrowing]
  468 |     uint8_t cmd[3] = {slot-1, (tagType >> 8) & 0xFF, tagType & 0xFF};
      |                       ~~~~^~
.pio/libdeps/lilygo-t-embed-cc1101/ESP Chameleon Ultra/src/chameleonUltra.cpp:468:46: warning: narrowing conversion of 
'((((int)tagType) >> 8) & 255)' from 'int' to 'uint8_t' {aka 'unsigned char'} [-Wnarrowing]
  468 |     uint8_t cmd[3] = {slot-1, (tagType >> 8) & 0xFF, tagType & 0xFF};
      |                               ~~~~~~~~~~~~~~~^~~~~~
.pio/libdeps/lilygo-t-embed-cc1101/ESP Chameleon Ultra/src/chameleonUltra.cpp:468:62: warning: narrowing conversion of 
'(((int)tagType) & 255)' from 'int' to 'uint8_t' {aka 'unsigned char'} [-Wnarrowing]
  468 |     uint8_t cmd[3] = {slot-1, (tagType >> 8) & 0xFF, tagType & 0xFF};
      |                                                      ~~~~~~~~^~~~~~
.pio/libdeps/lilygo-t-embed-cc1101/ESP Chameleon Ultra/src/chameleonUltra.cpp: In member function 'bool 
ChameleonUltra::cmdMfEconfig(byte*, size_t, byte*, byte)':
.pio/libdeps/lilygo-t-embed-cc1101/ESP Chameleon Ultra/src/chameleonUltra.cpp:708:32: warning: narrowing conversion of 
'length' from 'size_t' {aka 'unsigned int'} to 'uint8_t' {aka 'unsigned char'} [-Wnarrowing]
  708 |     uint8_t cmd[length + 5] = {length};
      |                                ^~~~~~
Compiling .pio\build\lilygo-t-embed-cc1101\liba01\NTPClient\NTPClient.cpp.o
Compiling .pio\build\lilygo-t-embed-cc1101\lib44a\ESP32Time\ESP32Time.cpp.o
Compiling .pio\build\lilygo-t-embed-cc1101\libe46\FS\FS.cpp.o
Compiling .pio\build\lilygo-t-embed-cc1101\libe46\FS\vfs_api.cpp.o
Compiling .pio\build\lilygo-t-embed-cc1101\lib79c\FFat\FFat.cpp.o
Compiling .pio\build\lilygo-t-embed-cc1101\lib506\SPIFFS\SPIFFS.cpp.o
Compiling .pio\build\lilygo-t-embed-cc1101\libe15\Network\NetworkClient.cpp.o
Compiling .pio\build\lilygo-t-embed-cc1101\libe15\Network\NetworkEvents.cpp.o
Compiling .pio\build\lilygo-t-embed-cc1101\libe15\Network\NetworkInterface.cpp.o
Compiling .pio\build\lilygo-t-embed-cc1101\libe15\Network\NetworkManager.cpp.o
Compiling .pio\build\lilygo-t-embed-cc1101\libe15\Network\NetworkServer.cpp.o
Compiling .pio\build\lilygo-t-embed-cc1101\libe15\Network\NetworkUdp.cpp.o
Compiling .pio\build\lilygo-t-embed-cc1101\lib3e0\NetworkClientSecure\NetworkClientSecure.cpp.o
Compiling .pio\build\lilygo-t-embed-cc1101\lib3e0\NetworkClientSecure\ssl_client.cpp.o
Compiling .pio\build\lilygo-t-embed-cc1101\libf36\HTTPClient\HTTPClient.cpp.o
Compiling .pio\build\lilygo-t-embed-cc1101\libd66\LittleFS\LittleFS.cpp.o
Compiling .pio\build\lilygo-t-embed-cc1101\lib8d1\TFT_eSPI\TFT_eSPI.cpp.o
Compiling .pio\build\lilygo-t-embed-cc1101\libe58\HAL\display\ardgfx.cpp.o
Compiling .pio\build\lilygo-t-embed-cc1101\libe58\HAL\display\lovyan.cpp.o
Compiling .pio\build\lilygo-t-embed-cc1101\libe58\HAL\display\m5gfx.cpp.o
Compiling .pio\build\lilygo-t-embed-cc1101\libe58\HAL\display\tftespi.cpp.o
Compiling .pio\build\lilygo-t-embed-cc1101\libe58\HAL\io_expander\Adafruit_AW9523.cpp.o
Compiling .pio\build\lilygo-t-embed-cc1101\libe58\HAL\io_expander\PCA9555.cpp.o
Compiling .pio\build\lilygo-t-embed-cc1101\libe58\HAL\sd_card\SD.cpp.o
Compiling .pio\build\lilygo-t-embed-cc1101\libe58\HAL\sd_card\SD_MMC.cpp.o
Compiling .pio\build\lilygo-t-embed-cc1101\libe58\HAL\sd_card\sd_diskio.cpp.o
Compiling .pio\build\lilygo-t-embed-cc1101\libe58\HAL\sd_card\sd_diskio_crc.c.o
Compiling .pio\build\lilygo-t-embed-cc1101\liba45\ESP8266Audio\AudioFileSourceBuffer.cpp.o
Compiling .pio\build\lilygo-t-embed-cc1101\liba45\ESP8266Audio\AudioFileSourceFS.cpp.o
Compiling .pio\build\lilygo-t-embed-cc1101\liba45\ESP8266Audio\AudioFileSourceFunction.cpp.o
Compiling .pio\build\lilygo-t-embed-cc1101\liba45\ESP8266Audio\AudioFileSourceHTTPStream.cpp.o
Compiling .pio\build\lilygo-t-embed-cc1101\liba45\ESP8266Audio\AudioFileSourceICYStream.cpp.o
In file included from lib/TFT_eSPI/TFT_eSPI.cpp:16:
lib/TFT_eSPI/TFT_eSPI.h:1029:2: warning: #warning >>>>------>> TOUCH_CS pin not defined, TFT_eSPI touch functions will 
not be available! [-Wcpp]
 1029 | #warning >>>>------>> TOUCH_CS pin not defined, TFT_eSPI touch functions will not be available!
      |  ^~~~~~~
Compiling .pio\build\lilygo-t-embed-cc1101\liba45\ESP8266Audio\AudioFileSourceID3.cpp.o
Compiling .pio\build\lilygo-t-embed-cc1101\liba45\ESP8266Audio\AudioFileSourcePROGMEM.cpp.o
Compiling .pio\build\lilygo-t-embed-cc1101\liba45\ESP8266Audio\AudioFileSourceSD.cpp.o
In file included from lib/HAL/display/tftespi.h:5,
                 from lib/HAL/display/tft.h:14,
                 from lib/HAL/display/lovyan.cpp:1:
lib/TFT_eSPI/TFT_eSPI.h:1029:2: warning: #warning >>>>------>> TOUCH_CS pin not defined, TFT_eSPI touch functions will 
not be available! [-Wcpp]
 1029 | #warning >>>>------>> TOUCH_CS pin not defined, TFT_eSPI touch functions will not be available!
      |  ^~~~~~~
In file included from lib/HAL/display/tftespi.h:5,
                 from lib/HAL/display/tft.h:14,
                 from lib/HAL/display/m5gfx.cpp:1:
lib/TFT_eSPI/TFT_eSPI.h:1029:2: warning: #warning >>>>------>> TOUCH_CS pin not defined, TFT_eSPI touch functions will 
not be available! [-Wcpp]
 1029 | #warning >>>>------>> TOUCH_CS pin not defined, TFT_eSPI touch functions will not be available!
      |  ^~~~~~~
Compiling .pio\build\lilygo-t-embed-cc1101\liba45\ESP8266Audio\AudioFileSourceSPIRAMBuffer.cpp.o
In file included from lib/HAL/display/tftespi.h:5,
                 from lib/HAL/display/tft.h:14,
                 from lib/HAL/display/ardgfx.cpp:1:
lib/TFT_eSPI/TFT_eSPI.h:1029:2: warning: #warning >>>>------>> TOUCH_CS pin not defined, TFT_eSPI touch functions will 
not be available! [-Wcpp]
 1029 | #warning >>>>------>> TOUCH_CS pin not defined, TFT_eSPI touch functions will not be available!
      |  ^~~~~~~
Compiling .pio\build\lilygo-t-embed-cc1101\liba45\ESP8266Audio\AudioFileSourceSTDIO.cpp.o
In file included from lib/HAL/display/tftespi.h:5,
                 from lib/HAL/display/tft.h:14,
                 from lib/HAL/display/tftespi.cpp:1:
lib/TFT_eSPI/TFT_eSPI.h:1029:2: warning: #warning >>>>------>> TOUCH_CS pin not defined, TFT_eSPI touch functions will 
not be available! [-Wcpp]
 1029 | #warning >>>>------>> TOUCH_CS pin not defined, TFT_eSPI touch functions will not be available!
      |  ^~~~~~~
Compiling .pio\build\lilygo-t-embed-cc1101\liba45\ESP8266Audio\AudioFileStream.cpp.o
Compiling .pio\build\lilygo-t-embed-cc1101\liba45\ESP8266Audio\AudioGeneratorAAC.cpp.o
Compiling .pio\build\lilygo-t-embed-cc1101\liba45\ESP8266Audio\AudioGeneratorFLAC.cpp.o
Compiling .pio\build\lilygo-t-embed-cc1101\liba45\ESP8266Audio\AudioGeneratorMIDI.cpp.o
Compiling .pio\build\lilygo-t-embed-cc1101\liba45\ESP8266Audio\AudioGeneratorMOD.cpp.o
Compiling .pio\build\lilygo-t-embed-cc1101\liba45\ESP8266Audio\AudioGeneratorMP3.cpp.o
Compiling .pio\build\lilygo-t-embed-cc1101\liba45\ESP8266Audio\AudioGeneratorMP3a.cpp.o
Compiling .pio\build\lilygo-t-embed-cc1101\liba45\ESP8266Audio\AudioGeneratorOpus.cpp.o
Compiling .pio\build\lilygo-t-embed-cc1101\liba45\ESP8266Audio\AudioGeneratorRTTTL.cpp.o
Compiling .pio\build\lilygo-t-embed-cc1101\liba45\ESP8266Audio\AudioGeneratorTalkie.cpp.o
Compiling .pio\build\lilygo-t-embed-cc1101\liba45\ESP8266Audio\AudioGeneratorWAV.cpp.o
Compiling .pio\build\lilygo-t-embed-cc1101\liba45\ESP8266Audio\AudioLogger.cpp.o
Compiling .pio\build\lilygo-t-embed-cc1101\liba45\ESP8266Audio\AudioOutputBuffer.cpp.o
Compiling .pio\build\lilygo-t-embed-cc1101\liba45\ESP8266Audio\AudioOutputFilterBiquad.cpp.o
Compiling .pio\build\lilygo-t-embed-cc1101\liba45\ESP8266Audio\AudioOutputFilterDecimate.cpp.o
Compiling .pio\build\lilygo-t-embed-cc1101\liba45\ESP8266Audio\AudioOutputI2S.cpp.o
Compiling .pio\build\lilygo-t-embed-cc1101\liba45\ESP8266Audio\AudioOutputI2SNoDAC.cpp.o
Compiling .pio\build\lilygo-t-embed-cc1101\liba45\ESP8266Audio\AudioOutputMixer.cpp.o
Compiling .pio\build\lilygo-t-embed-cc1101\liba45\ESP8266Audio\AudioOutputPDM.cpp.o
Compiling .pio\build\lilygo-t-embed-cc1101\liba45\ESP8266Audio\AudioOutputPWM.cpp.o
Compiling .pio\build\lilygo-t-embed-cc1101\liba45\ESP8266Audio\AudioOutputSPDIF.cpp.o
Compiling .pio\build\lilygo-t-embed-cc1101\liba45\ESP8266Audio\AudioOutputSPIFFSWAV.cpp.o
Compiling .pio\build\lilygo-t-embed-cc1101\liba45\ESP8266Audio\AudioOutputSTDIO.cpp.o
Compiling .pio\build\lilygo-t-embed-cc1101\liba45\ESP8266Audio\AudioOutputSerialWAV.cpp.o
Compiling .pio\build\lilygo-t-embed-cc1101\liba45\ESP8266Audio\AudioOutputULP.cpp.o
Compiling .pio\build\lilygo-t-embed-cc1101\liba45\ESP8266Audio\driver\SinglePinI2SDriver.cpp.o
Compiling .pio\build\lilygo-t-embed-cc1101\liba45\ESP8266Audio\libflac\bitmath.c.o
Compiling .pio\build\lilygo-t-embed-cc1101\liba45\ESP8266Audio\libflac\bitreader.c.o
Compiling .pio\build\lilygo-t-embed-cc1101\liba45\ESP8266Audio\libflac\cpu.c.o
Compiling .pio\build\lilygo-t-embed-cc1101\liba45\ESP8266Audio\libflac\crc.c.o
Compiling .pio\build\lilygo-t-embed-cc1101\liba45\ESP8266Audio\libflac\fixed.c.o
Compiling .pio\build\lilygo-t-embed-cc1101\liba45\ESP8266Audio\libflac\float.c.o
Compiling .pio\build\lilygo-t-embed-cc1101\liba45\ESP8266Audio\libflac\format.c.o
Compiling .pio\build\lilygo-t-embed-cc1101\liba45\ESP8266Audio\libflac\lpc.c.o
Compiling .pio\build\lilygo-t-embed-cc1101\liba45\ESP8266Audio\libflac\md5.c.o
Compiling .pio\build\lilygo-t-embed-cc1101\liba45\ESP8266Audio\libflac\memory.c.o
Compiling .pio\build\lilygo-t-embed-cc1101\liba45\ESP8266Audio\libflac\stream_decoder.c.o
Compiling .pio\build\lilygo-t-embed-cc1101\liba45\ESP8266Audio\libflac\window.c.o
Compiling .pio\build\lilygo-t-embed-cc1101\liba45\ESP8266Audio\libhelix-aac\aacdec.c.o
Compiling .pio\build\lilygo-t-embed-cc1101\liba45\ESP8266Audio\libhelix-aac\aactabs.c.o
Compiling .pio\build\lilygo-t-embed-cc1101\liba45\ESP8266Audio\libhelix-aac\bitstream.c.o
Compiling .pio\build\lilygo-t-embed-cc1101\liba45\ESP8266Audio\libhelix-aac\buffers.c.o
Compiling .pio\build\lilygo-t-embed-cc1101\liba45\ESP8266Audio\libhelix-aac\dct4.c.o
In file included from .pio/libdeps/lilygo-t-embed-cc1101/ESP8266Audio/src/AudioOutputPDM.h:25,
                 from .pio/libdeps/lilygo-t-embed-cc1101/ESP8266Audio/src/AudioOutputPDM.cpp:22:
.pio/libdeps/lilygo-t-embed-cc1101/ESP8266Audio/src/AudioOutputPDM.cpp: In member function 'virtual bool 
AudioOutputPDM::begin()':
.pio/libdeps/lilygo-t-embed-cc1101/ESP8266Audio/src/AudioOutputPDM.cpp:64:63: warning: narrowing conversion of '((Audio
OutputPDM*)this)->AudioOutputPDM::AdjustI2SRate(((int)((AudioOutputPDM*)this)->AudioOutputPDM::AudioOutputI2S.AudioOutp
utI2S::AudioOutput.AudioOutput::hertz))' from 'int' to 'uint32_t' {aka 'long unsigned int'} [-Wnarrowing]
   64 |         .clk_cfg = I2S_PDM_TX_CLK_DEFAULT_CONFIG(AdjustI2SRate(hertz)),
      |                                                  ~~~~~~~~~~~~~^~~~~~~
C:/Users/cazie/.platformio/packages/framework-arduinoespressif32-libs/esp32s3/include/esp_driver_i2s/include/driver/i2s
_pdm.h:399:23: note: in definition of macro 'I2S_PDM_TX_CLK_DEFAULT_CONFIG'
  399 |     .sample_rate_hz = rate, \
      |                       ^~~~
Compiling .pio\build\lilygo-t-embed-cc1101\liba45\ESP8266Audio\libhelix-aac\decelmnt.c.o
Compiling .pio\build\lilygo-t-embed-cc1101\liba45\ESP8266Audio\libhelix-aac\dequant.c.o
Compiling .pio\build\lilygo-t-embed-cc1101\liba45\ESP8266Audio\libhelix-aac\fft.c.o
Compiling .pio\build\lilygo-t-embed-cc1101\liba45\ESP8266Audio\libhelix-aac\filefmt.c.o
Compiling .pio\build\lilygo-t-embed-cc1101\liba45\ESP8266Audio\libhelix-aac\huffmanaac.c.o
Compiling .pio\build\lilygo-t-embed-cc1101\liba45\ESP8266Audio\libhelix-aac\hufftabs.c.o
Compiling .pio\build\lilygo-t-embed-cc1101\liba45\ESP8266Audio\libhelix-aac\imdct.c.o
Compiling .pio\build\lilygo-t-embed-cc1101\liba45\ESP8266Audio\libhelix-aac\noiseless.c.o
Compiling .pio\build\lilygo-t-embed-cc1101\liba45\ESP8266Audio\libhelix-aac\pns.c.o
Compiling .pio\build\lilygo-t-embed-cc1101\liba45\ESP8266Audio\libhelix-aac\sbr.c.o
Compiling .pio\build\lilygo-t-embed-cc1101\liba45\ESP8266Audio\libhelix-aac\sbrfft.c.o
Compiling .pio\build\lilygo-t-embed-cc1101\liba45\ESP8266Audio\libhelix-aac\sbrfreq.c.o
Compiling .pio\build\lilygo-t-embed-cc1101\liba45\ESP8266Audio\libhelix-aac\sbrhfadj.c.o
Compiling .pio\build\lilygo-t-embed-cc1101\liba45\ESP8266Audio\libhelix-aac\sbrhfgen.c.o
Compiling .pio\build\lilygo-t-embed-cc1101\liba45\ESP8266Audio\libhelix-aac\sbrhuff.c.o
Compiling .pio\build\lilygo-t-embed-cc1101\liba45\ESP8266Audio\libhelix-aac\sbrimdct.c.o
Compiling .pio\build\lilygo-t-embed-cc1101\liba45\ESP8266Audio\libhelix-aac\sbrmath.c.o
Compiling .pio\build\lilygo-t-embed-cc1101\liba45\ESP8266Audio\libhelix-aac\sbrqmf.c.o
Compiling .pio\build\lilygo-t-embed-cc1101\liba45\ESP8266Audio\libhelix-aac\sbrside.c.o
Compiling .pio\build\lilygo-t-embed-cc1101\liba45\ESP8266Audio\libhelix-aac\sbrtabs.c.o
Compiling .pio\build\lilygo-t-embed-cc1101\liba45\ESP8266Audio\libhelix-aac\stproc.c.o
Compiling .pio\build\lilygo-t-embed-cc1101\liba45\ESP8266Audio\libhelix-aac\tns.c.o
Compiling .pio\build\lilygo-t-embed-cc1101\liba45\ESP8266Audio\libhelix-aac\trigtabs.c.o
Compiling .pio\build\lilygo-t-embed-cc1101\liba45\ESP8266Audio\libhelix-mp3\bitstream.c.o
Compiling .pio\build\lilygo-t-embed-cc1101\liba45\ESP8266Audio\libhelix-mp3\buffers.c.o
Compiling .pio\build\lilygo-t-embed-cc1101\liba45\ESP8266Audio\libhelix-mp3\dct32.c.o
Compiling .pio\build\lilygo-t-embed-cc1101\liba45\ESP8266Audio\libhelix-mp3\dequant.c.o
Compiling .pio\build\lilygo-t-embed-cc1101\liba45\ESP8266Audio\libhelix-mp3\dqchan.c.o
Compiling .pio\build\lilygo-t-embed-cc1101\liba45\ESP8266Audio\libhelix-mp3\huffman.c.o
Compiling .pio\build\lilygo-t-embed-cc1101\liba45\ESP8266Audio\libhelix-mp3\hufftabs.c.o
Compiling .pio\build\lilygo-t-embed-cc1101\liba45\ESP8266Audio\libhelix-mp3\imdct.c.o
Compiling .pio\build\lilygo-t-embed-cc1101\liba45\ESP8266Audio\libhelix-mp3\mp3dec.c.o
Compiling .pio\build\lilygo-t-embed-cc1101\liba45\ESP8266Audio\libhelix-mp3\mp3tabs.c.o
Compiling .pio\build\lilygo-t-embed-cc1101\liba45\ESP8266Audio\libhelix-mp3\polyphase.c.o
Compiling .pio\build\lilygo-t-embed-cc1101\liba45\ESP8266Audio\libhelix-mp3\scalfact.c.o
Compiling .pio\build\lilygo-t-embed-cc1101\liba45\ESP8266Audio\libhelix-mp3\stproc.c.o
Compiling .pio\build\lilygo-t-embed-cc1101\liba45\ESP8266Audio\libhelix-mp3\subband.c.o
Compiling .pio\build\lilygo-t-embed-cc1101\liba45\ESP8266Audio\libhelix-mp3\trigtabs.c.o
Compiling .pio\build\lilygo-t-embed-cc1101\liba45\ESP8266Audio\libmad\bit.c.o
Compiling .pio\build\lilygo-t-embed-cc1101\liba45\ESP8266Audio\libmad\decoder.c.o
Compiling .pio\build\lilygo-t-embed-cc1101\liba45\ESP8266Audio\libmad\fixed.c.o
Compiling .pio\build\lilygo-t-embed-cc1101\liba45\ESP8266Audio\libmad\frame.c.o
Compiling .pio\build\lilygo-t-embed-cc1101\liba45\ESP8266Audio\libmad\huffman.c.o
Compiling .pio\build\lilygo-t-embed-cc1101\liba45\ESP8266Audio\libmad\layer3.c.o
Compiling .pio\build\lilygo-t-embed-cc1101\liba45\ESP8266Audio\libmad\stream.c.o
Compiling .pio\build\lilygo-t-embed-cc1101\liba45\ESP8266Audio\libmad\synth.c.o
Compiling .pio\build\lilygo-t-embed-cc1101\liba45\ESP8266Audio\libmad\timer.c.o
Compiling .pio\build\lilygo-t-embed-cc1101\liba45\ESP8266Audio\libmad\version.c.o
Compiling .pio\build\lilygo-t-embed-cc1101\liba45\ESP8266Audio\libopus\celt\bands.c.o
Compiling .pio\build\lilygo-t-embed-cc1101\liba45\ESP8266Audio\libopus\celt\celt.c.o
Compiling .pio\build\lilygo-t-embed-cc1101\liba45\ESP8266Audio\libopus\celt\celt_decoder.c.o
Compiling .pio\build\lilygo-t-embed-cc1101\liba45\ESP8266Audio\libopus\celt\celt_lpc.c.o
Compiling .pio\build\lilygo-t-embed-cc1101\liba45\ESP8266Audio\libopus\celt\cwrs.c.o
Compiling .pio\build\lilygo-t-embed-cc1101\liba45\ESP8266Audio\libopus\celt\entcode.c.o
Compiling .pio\build\lilygo-t-embed-cc1101\liba45\ESP8266Audio\libopus\celt\entdec.c.o
Compiling .pio\build\lilygo-t-embed-cc1101\liba45\ESP8266Audio\libopus\celt\entenc.c.o
Compiling .pio\build\lilygo-t-embed-cc1101\liba45\ESP8266Audio\libopus\celt\kiss_fft.c.o
Compiling .pio\build\lilygo-t-embed-cc1101\liba45\ESP8266Audio\libopus\celt\laplace.c.o
Compiling .pio\build\lilygo-t-embed-cc1101\liba45\ESP8266Audio\libopus\celt\mathops.c.o
Compiling .pio\build\lilygo-t-embed-cc1101\liba45\ESP8266Audio\libopus\celt\mdct.c.o
Compiling .pio\build\lilygo-t-embed-cc1101\liba45\ESP8266Audio\libopus\celt\modes.c.o
Compiling .pio\build\lilygo-t-embed-cc1101\liba45\ESP8266Audio\libopus\celt\pitch.c.o
Compiling .pio\build\lilygo-t-embed-cc1101\liba45\ESP8266Audio\libopus\celt\quant_bands.c.o
Compiling .pio\build\lilygo-t-embed-cc1101\liba45\ESP8266Audio\libopus\celt\rate.c.o
Compiling .pio\build\lilygo-t-embed-cc1101\liba45\ESP8266Audio\libopus\celt\vq.c.o
Compiling .pio\build\lilygo-t-embed-cc1101\liba45\ESP8266Audio\libopus\silk\A2NLSF.c.o
Compiling .pio\build\lilygo-t-embed-cc1101\liba45\ESP8266Audio\libopus\silk\CNG.c.o
Compiling .pio\build\lilygo-t-embed-cc1101\liba45\ESP8266Audio\libopus\silk\HP_variable_cutoff.c.o
Compiling .pio\build\lilygo-t-embed-cc1101\liba45\ESP8266Audio\libopus\silk\LPC_analysis_filter.c.o
Compiling .pio\build\lilygo-t-embed-cc1101\liba45\ESP8266Audio\libopus\silk\LPC_fit.c.o
Compiling .pio\build\lilygo-t-embed-cc1101\liba45\ESP8266Audio\libopus\silk\LPC_inv_pred_gain.c.o
Compiling .pio\build\lilygo-t-embed-cc1101\liba45\ESP8266Audio\libopus\silk\LP_variable_cutoff.c.o
Compiling .pio\build\lilygo-t-embed-cc1101\liba45\ESP8266Audio\libopus\silk\NLSF2A.c.o
Compiling .pio\build\lilygo-t-embed-cc1101\liba45\ESP8266Audio\libopus\silk\NLSF_VQ.c.o
Compiling .pio\build\lilygo-t-embed-cc1101\liba45\ESP8266Audio\libopus\silk\NLSF_VQ_weights_laroia.c.o
Compiling .pio\build\lilygo-t-embed-cc1101\liba45\ESP8266Audio\libopus\silk\NLSF_decode.c.o
Compiling .pio\build\lilygo-t-embed-cc1101\liba45\ESP8266Audio\libopus\silk\NLSF_del_dec_quant.c.o
Compiling .pio\build\lilygo-t-embed-cc1101\liba45\ESP8266Audio\libopus\silk\NLSF_encode.c.o
Compiling .pio\build\lilygo-t-embed-cc1101\liba45\ESP8266Audio\libopus\silk\NLSF_stabilize.c.o
Compiling .pio\build\lilygo-t-embed-cc1101\liba45\ESP8266Audio\libopus\silk\NLSF_unpack.c.o
Compiling .pio\build\lilygo-t-embed-cc1101\liba45\ESP8266Audio\libopus\silk\PLC.c.o
Compiling .pio\build\lilygo-t-embed-cc1101\liba45\ESP8266Audio\libopus\silk\VQ_WMat_EC.c.o
Compiling .pio\build\lilygo-t-embed-cc1101\liba45\ESP8266Audio\libopus\silk\ana_filt_bank_1.c.o
Compiling .pio\build\lilygo-t-embed-cc1101\liba45\ESP8266Audio\libopus\silk\biquad_alt.c.o
Compiling .pio\build\lilygo-t-embed-cc1101\liba45\ESP8266Audio\libopus\silk\bwexpander.c.o
Compiling .pio\build\lilygo-t-embed-cc1101\liba45\ESP8266Audio\libopus\silk\bwexpander_32.c.o
Compiling .pio\build\lilygo-t-embed-cc1101\liba45\ESP8266Audio\libopus\silk\check_control_input.c.o
Compiling .pio\build\lilygo-t-embed-cc1101\liba45\ESP8266Audio\libopus\silk\code_signs.c.o
Compiling .pio\build\lilygo-t-embed-cc1101\liba45\ESP8266Audio\libopus\silk\control_SNR.c.o
Compiling .pio\build\lilygo-t-embed-cc1101\liba45\ESP8266Audio\libopus\silk\control_audio_bandwidth.c.o
Compiling .pio\build\lilygo-t-embed-cc1101\liba45\ESP8266Audio\libopus\silk\control_codec.c.o
Compiling .pio\build\lilygo-t-embed-cc1101\liba45\ESP8266Audio\libopus\silk\debug.c.o
Compiling .pio\build\lilygo-t-embed-cc1101\liba45\ESP8266Audio\libopus\silk\dec_API.c.o
Compiling .pio\build\lilygo-t-embed-cc1101\liba45\ESP8266Audio\libopus\silk\decode_core.c.o
Compiling .pio\build\lilygo-t-embed-cc1101\liba45\ESP8266Audio\libopus\silk\decode_frame.c.o
Compiling .pio\build\lilygo-t-embed-cc1101\liba45\ESP8266Audio\libopus\silk\decode_indices.c.o
Compiling .pio\build\lilygo-t-embed-cc1101\liba45\ESP8266Audio\libopus\silk\decode_parameters.c.o
Compiling .pio\build\lilygo-t-embed-cc1101\liba45\ESP8266Audio\libopus\silk\decode_pitch.c.o
Compiling .pio\build\lilygo-t-embed-cc1101\liba45\ESP8266Audio\libopus\silk\decode_pulses.c.o
Compiling .pio\build\lilygo-t-embed-cc1101\liba45\ESP8266Audio\libopus\silk\decoder_set_fs.c.o
Compiling .pio\build\lilygo-t-embed-cc1101\liba45\ESP8266Audio\libopus\silk\encode_indices.c.o
Compiling .pio\build\lilygo-t-embed-cc1101\liba45\ESP8266Audio\libopus\silk\encode_pulses.c.o
Compiling .pio\build\lilygo-t-embed-cc1101\liba45\ESP8266Audio\libopus\silk\fixed\LTP_analysis_filter_FIX.c.o
Compiling .pio\build\lilygo-t-embed-cc1101\liba45\ESP8266Audio\libopus\silk\fixed\LTP_scale_ctrl_FIX.c.o
Compiling .pio\build\lilygo-t-embed-cc1101\liba45\ESP8266Audio\libopus\silk\fixed\apply_sine_window_FIX.c.o
Compiling .pio\build\lilygo-t-embed-cc1101\liba45\ESP8266Audio\libopus\silk\fixed\autocorr_FIX.c.o
Compiling .pio\build\lilygo-t-embed-cc1101\liba45\ESP8266Audio\libopus\silk\fixed\burg_modified_FIX.c.o
Compiling .pio\build\lilygo-t-embed-cc1101\liba45\ESP8266Audio\libopus\silk\fixed\corrMatrix_FIX.c.o
Compiling .pio\build\lilygo-t-embed-cc1101\liba45\ESP8266Audio\libopus\silk\fixed\find_LPC_FIX.c.o
Compiling .pio\build\lilygo-t-embed-cc1101\liba45\ESP8266Audio\libopus\silk\fixed\find_LTP_FIX.c.o
Compiling .pio\build\lilygo-t-embed-cc1101\liba45\ESP8266Audio\libopus\silk\fixed\find_pred_coefs_FIX.c.o
Compiling .pio\build\lilygo-t-embed-cc1101\liba45\ESP8266Audio\libopus\silk\fixed\k2a_FIX.c.o
Compiling .pio\build\lilygo-t-embed-cc1101\liba45\ESP8266Audio\libopus\silk\fixed\k2a_Q16_FIX.c.o
Compiling .pio\build\lilygo-t-embed-cc1101\liba45\ESP8266Audio\libopus\silk\fixed\process_gains_FIX.c.o
Compiling .pio\build\lilygo-t-embed-cc1101\liba45\ESP8266Audio\libopus\silk\fixed\regularize_correlations_FIX.c.o
Compiling .pio\build\lilygo-t-embed-cc1101\liba45\ESP8266Audio\libopus\silk\fixed\residual_energy16_FIX.c.o
Compiling .pio\build\lilygo-t-embed-cc1101\liba45\ESP8266Audio\libopus\silk\fixed\residual_energy_FIX.c.o
Compiling .pio\build\lilygo-t-embed-cc1101\liba45\ESP8266Audio\libopus\silk\fixed\schur64_FIX.c.o
Compiling .pio\build\lilygo-t-embed-cc1101\liba45\ESP8266Audio\libopus\silk\fixed\schur_FIX.c.o
Compiling .pio\build\lilygo-t-embed-cc1101\liba45\ESP8266Audio\libopus\silk\fixed\vector_ops_FIX.c.o
Compiling .pio\build\lilygo-t-embed-cc1101\liba45\ESP8266Audio\libopus\silk\fixed\warped_autocorrelation_FIX.c.o
Compiling .pio\build\lilygo-t-embed-cc1101\liba45\ESP8266Audio\libopus\silk\gain_quant.c.o
Compiling .pio\build\lilygo-t-embed-cc1101\liba45\ESP8266Audio\libopus\silk\init_decoder.c.o
Compiling .pio\build\lilygo-t-embed-cc1101\liba45\ESP8266Audio\libopus\silk\inner_prod_aligned.c.o
Compiling .pio\build\lilygo-t-embed-cc1101\liba45\ESP8266Audio\libopus\silk\interpolate.c.o
Compiling .pio\build\lilygo-t-embed-cc1101\liba45\ESP8266Audio\libopus\silk\lin2log.c.o
Compiling .pio\build\lilygo-t-embed-cc1101\liba45\ESP8266Audio\libopus\silk\log2lin.c.o
Compiling .pio\build\lilygo-t-embed-cc1101\liba45\ESP8266Audio\libopus\silk\pitch_est_tables.c.o
Compiling .pio\build\lilygo-t-embed-cc1101\liba45\ESP8266Audio\libopus\silk\process_NLSFs.c.o
Compiling .pio\build\lilygo-t-embed-cc1101\liba45\ESP8266Audio\libopus\silk\quant_LTP_gains.c.o
Compiling .pio\build\lilygo-t-embed-cc1101\liba45\ESP8266Audio\libopus\silk\resampler.c.o
Compiling .pio\build\lilygo-t-embed-cc1101\liba45\ESP8266Audio\libopus\silk\resampler_down2.c.o
Compiling .pio\build\lilygo-t-embed-cc1101\liba45\ESP8266Audio\libopus\silk\resampler_down2_3.c.o
Compiling .pio\build\lilygo-t-embed-cc1101\liba45\ESP8266Audio\libopus\silk\resampler_private_AR2.c.o
Compiling .pio\build\lilygo-t-embed-cc1101\liba45\ESP8266Audio\libopus\silk\resampler_private_IIR_FIR.c.o
Compiling .pio\build\lilygo-t-embed-cc1101\liba45\ESP8266Audio\libopus\silk\resampler_private_down_FIR.c.o
Compiling .pio\build\lilygo-t-embed-cc1101\liba45\ESP8266Audio\libopus\silk\resampler_private_up2_HQ.c.o
Compiling .pio\build\lilygo-t-embed-cc1101\liba45\ESP8266Audio\libopus\silk\resampler_rom.c.o
Compiling .pio\build\lilygo-t-embed-cc1101\liba45\ESP8266Audio\libopus\silk\shell_coder.c.o
Compiling .pio\build\lilygo-t-embed-cc1101\liba45\ESP8266Audio\libopus\silk\sigm_Q15.c.o
Compiling .pio\build\lilygo-t-embed-cc1101\liba45\ESP8266Audio\libopus\silk\sort.c.o
Compiling .pio\build\lilygo-t-embed-cc1101\liba45\ESP8266Audio\libopus\silk\stereo_LR_to_MS.c.o
Compiling .pio\build\lilygo-t-embed-cc1101\liba45\ESP8266Audio\libopus\silk\stereo_MS_to_LR.c.o
Compiling .pio\build\lilygo-t-embed-cc1101\liba45\ESP8266Audio\libopus\silk\stereo_decode_pred.c.o
Compiling .pio\build\lilygo-t-embed-cc1101\liba45\ESP8266Audio\libopus\silk\stereo_encode_pred.c.o
Compiling .pio\build\lilygo-t-embed-cc1101\liba45\ESP8266Audio\libopus\silk\stereo_find_predictor.c.o
Compiling .pio\build\lilygo-t-embed-cc1101\liba45\ESP8266Audio\libopus\silk\stereo_quant_pred.c.o
Compiling .pio\build\lilygo-t-embed-cc1101\liba45\ESP8266Audio\libopus\silk\sum_sqr_shift.c.o
Compiling .pio\build\lilygo-t-embed-cc1101\liba45\ESP8266Audio\libopus\silk\table_LSF_cos.c.o
Compiling .pio\build\lilygo-t-embed-cc1101\liba45\ESP8266Audio\libopus\silk\tables_LTP.c.o
Compiling .pio\build\lilygo-t-embed-cc1101\liba45\ESP8266Audio\libopus\silk\tables_NLSF_CB_NB_MB.c.o
Compiling .pio\build\lilygo-t-embed-cc1101\liba45\ESP8266Audio\libopus\silk\tables_NLSF_CB_WB.c.o
Compiling .pio\build\lilygo-t-embed-cc1101\liba45\ESP8266Audio\libopus\silk\tables_gain.c.o
Compiling .pio\build\lilygo-t-embed-cc1101\liba45\ESP8266Audio\libopus\silk\tables_other.c.o
Compiling .pio\build\lilygo-t-embed-cc1101\liba45\ESP8266Audio\libopus\silk\tables_pitch_lag.c.o
Compiling .pio\build\lilygo-t-embed-cc1101\liba45\ESP8266Audio\libopus\silk\tables_pulses_per_block.c.o
Compiling .pio\build\lilygo-t-embed-cc1101\liba45\ESP8266Audio\libopus\src\opus.c.o
Compiling .pio\build\lilygo-t-embed-cc1101\liba45\ESP8266Audio\libopus\src\opus_decoder.c.o
Compiling .pio\build\lilygo-t-embed-cc1101\lib0bd\ESP8266SAM\ESP8266SAM.cpp.o
Compiling .pio\build\lilygo-t-embed-cc1101\lib0bd\ESP8266SAM\esp8266sam_debug.c.o
Compiling .pio\build\lilygo-t-embed-cc1101\lib0bd\ESP8266SAM\reciter.c.o
Compiling .pio\build\lilygo-t-embed-cc1101\lib0bd\ESP8266SAM\render.c.o
Compiling .pio\build\lilygo-t-embed-cc1101\lib0bd\ESP8266SAM\sam.c.o
Compiling .pio\build\lilygo-t-embed-cc1101\libd96\TinyGPSPlus\TinyGPS++.cpp.o
Compiling .pio\build\lilygo-t-embed-cc1101\libaf9\FFT\fft.cpp.o
Compiling .pio\build\lilygo-t-embed-cc1101\lib41d\RF24\RF24.cpp.o
Compiling .pio\build\lilygo-t-embed-cc1101\libb9a\Adafruit Si4713 Library\Adafruit_Si4713.cpp.o
Compiling .pio\build\lilygo-t-embed-cc1101\lib6fb\JPEGDecoder\JPEGDecoder.cpp.o
Compiling .pio\build\lilygo-t-embed-cc1101\lib6fb\JPEGDecoder\picojpeg.c.o
Compiling .pio\build\lilygo-t-embed-cc1101\liba04\SmartRC-CC1101-Driver-Lib\ELECHOUSE_CC1101_SRC_DRV.cpp.o
Compiling .pio\build\lilygo-t-embed-cc1101\lib8d4\mquickjs\cutils.c.o
Compiling .pio\build\lilygo-t-embed-cc1101\lib8d4\mquickjs\dtoa.c.o
Compiling .pio\build\lilygo-t-embed-cc1101\lib8d4\mquickjs\libm.c.o
Compiling .pio\build\lilygo-t-embed-cc1101\lib8d4\mquickjs\mquickjs.c.o
Compiling .pio\build\lilygo-t-embed-cc1101\libda5\OneWire\OneWire.cpp.o
.pio/libdeps/lilygo-t-embed-cc1101/mquickjs/mquickjs.c: In function 'js_vprintf':
.pio/libdeps/lilygo-t-embed-cc1101/mquickjs/mquickjs.c:746:21: warning: assignment discards 'const' qualifier from 
pointer target type [-Wdiscarded-qualifiers]
  746 |                 buf = "null";
      |                     ^
.pio/libdeps/lilygo-t-embed-cc1101/mquickjs/mquickjs.c:790:29: warning: assignment discards 'const' qualifier from 
pointer target type [-Wdiscarded-qualifiers]
  790 |                         buf = "null";
      |                             ^
.pio/libdeps/lilygo-t-embed-cc1101/mquickjs/mquickjs.c:793:29: warning: assignment discards 'const' qualifier from 
pointer target type [-Wdiscarded-qualifiers]
  793 |                         buf = "undefined";
      |                             ^
.pio/libdeps/lilygo-t-embed-cc1101/mquickjs/mquickjs.c:796:29: warning: assignment discards 'const' qualifier from 
pointer target type [-Wdiscarded-qualifiers]
  796 |                         buf = "uninitialized";
      |                             ^
.pio/libdeps/lilygo-t-embed-cc1101/mquickjs/mquickjs.c:799:29: warning: assignment discards 'const' qualifier from 
pointer target type [-Wdiscarded-qualifiers]
  799 |                         buf = JS_VALUE_GET_SPECIAL_VALUE(val) ? "true" : "false";
      |                             ^
.pio/libdeps/lilygo-t-embed-cc1101/mquickjs/mquickjs.c:805:29: warning: assignment discards 'const' qualifier from 
pointer target type [-Wdiscarded-qualifiers]
  805 |                         buf = "[tag]";
      |                             ^
.pio/libdeps/lilygo-t-embed-cc1101/mquickjs/mquickjs.c:820:29: warning: assignment discards 'const' qualifier from 
pointer target type [-Wdiscarded-qualifiers]
  820 |                         buf = "[mtag]";
      |                             ^
Compiling .pio\build\lilygo-t-embed-cc1101\lib706\ESP32-PSRamFS\PSRamFS.cpp.o
Compiling .pio\build\lilygo-t-embed-cc1101\lib706\ESP32-PSRamFS\pfs.c.o
Compiling .pio\build\lilygo-t-embed-cc1101\lib80c\AnimatedGIF\AnimatedGIF.cpp.o
Compiling .pio\build\lilygo-t-embed-cc1101\lib80c\AnimatedGIF\p4_transparent.S.o
Compiling .pio\build\lilygo-t-embed-cc1101\lib80c\AnimatedGIF\s3_transparent.S.o
.pio/libdeps/lilygo-t-embed-cc1101/ESP32-PSRamFS/src/pfs.c:36:4: warning: #warning "Will use PSRAM or heap" [-Wcpp]
   36 |   #warning "Will use PSRAM or heap"
      |    ^~~~~~~
Compiling .pio\build\lilygo-t-embed-cc1101\lib45a\Hash\PBKDF2_HMACBuilder.cpp.o
Compiling .pio\build\lilygo-t-embed-cc1101\lib45a\Hash\SHA1Builder.cpp.o
Compiling .pio\build\lilygo-t-embed-cc1101\lib45a\Hash\SHA2Builder.cpp.o
Compiling .pio\build\lilygo-t-embed-cc1101\lib45a\Hash\SHA3Builder.cpp.o
Compiling .pio\build\lilygo-t-embed-cc1101\libd45\AsyncTCP\AsyncTCP.cpp.o
.pio/libdeps/lilygo-t-embed-cc1101/OneWire/OneWire.cpp:599:22: warning: extra tokens at end of #undef directive
  599 | #  undef noInterrupts() {portMUX_TYPE mux = portMUX_INITIALIZER_UNLOCKED;portENTER_CRITICAL(&mux)
      |                      ^
.pio/libdeps/lilygo-t-embed-cc1101/OneWire/OneWire.cpp:600:20: warning: extra tokens at end of #undef directive
  600 | #  undef interrupts() portEXIT_CRITICAL(&mux);}
      |                    ^
Compiling .pio\build\lilygo-t-embed-cc1101\lib389\WiFi\AP.cpp.o
Compiling .pio\build\lilygo-t-embed-cc1101\lib389\WiFi\STA.cpp.o
Compiling .pio\build\lilygo-t-embed-cc1101\lib389\WiFi\WiFi.cpp.o
Compiling .pio\build\lilygo-t-embed-cc1101\lib389\WiFi\WiFiAP.cpp.o
Compiling .pio\build\lilygo-t-embed-cc1101\lib389\WiFi\WiFiGeneric.cpp.o
Compiling .pio\build\lilygo-t-embed-cc1101\lib389\WiFi\WiFiMulti.cpp.o
Compiling .pio\build\lilygo-t-embed-cc1101\lib389\WiFi\WiFiSTA.cpp.o
Compiling .pio\build\lilygo-t-embed-cc1101\lib389\WiFi\WiFiScan.cpp.o
Compiling .pio\build\lilygo-t-embed-cc1101\lib307\ESPAsyncWebServer\AsyncEventSource.cpp.o
Compiling .pio\build\lilygo-t-embed-cc1101\lib307\ESPAsyncWebServer\AsyncJson.cpp.o
Compiling .pio\build\lilygo-t-embed-cc1101\lib307\ESPAsyncWebServer\AsyncWebHeader.cpp.o
Compiling .pio\build\lilygo-t-embed-cc1101\lib307\ESPAsyncWebServer\AsyncWebServerRequest.cpp.o
Compiling .pio\build\lilygo-t-embed-cc1101\lib307\ESPAsyncWebServer\AsyncWebSocket.cpp.o
Compiling .pio\build\lilygo-t-embed-cc1101\lib307\ESPAsyncWebServer\BackPort_SHA1Builder.cpp.o
Compiling .pio\build\lilygo-t-embed-cc1101\lib307\ESPAsyncWebServer\ChunkPrint.cpp.o
Compiling .pio\build\lilygo-t-embed-cc1101\lib307\ESPAsyncWebServer\Middleware.cpp.o
Compiling .pio\build\lilygo-t-embed-cc1101\lib307\ESPAsyncWebServer\WebAuthentication.cpp.o
Compiling .pio\build\lilygo-t-embed-cc1101\lib307\ESPAsyncWebServer\WebHandlers.cpp.o
Compiling .pio\build\lilygo-t-embed-cc1101\lib307\ESPAsyncWebServer\WebRequest.cpp.o
Compiling .pio\build\lilygo-t-embed-cc1101\lib307\ESPAsyncWebServer\WebResponses.cpp.o
Compiling .pio\build\lilygo-t-embed-cc1101\lib307\ESPAsyncWebServer\WebServer.cpp.o
Compiling .pio\build\lilygo-t-embed-cc1101\lib5d0\FastLED\FastLED.cpp.o
Compiling .pio\build\lilygo-t-embed-cc1101\lib5d0\FastLED\bitswap.cpp.o
Compiling .pio\build\lilygo-t-embed-cc1101\lib5d0\FastLED\cled_controller.cpp.o
Compiling .pio\build\lilygo-t-embed-cc1101\lib5d0\FastLED\colorpalettes.cpp.o
Compiling .pio\build\lilygo-t-embed-cc1101\lib5d0\FastLED\crgb.cpp.o
Compiling .pio\build\lilygo-t-embed-cc1101\lib5d0\FastLED\fl\allocator.cpp.o
Compiling .pio\build\lilygo-t-embed-cc1101\lib5d0\FastLED\fl\async.cpp.o
Compiling .pio\build\lilygo-t-embed-cc1101\lib5d0\FastLED\fl\audio.cpp.o
Compiling .pio\build\lilygo-t-embed-cc1101\lib5d0\FastLED\fl\audio_input.cpp.o
Compiling .pio\build\lilygo-t-embed-cc1101\lib5d0\FastLED\fl\audio_reactive.cpp.o
Compiling .pio\build\lilygo-t-embed-cc1101\lib5d0\FastLED\fl\bitset.cpp.o
Compiling .pio\build\lilygo-t-embed-cc1101\lib5d0\FastLED\fl\blur.cpp.o
Compiling .pio\build\lilygo-t-embed-cc1101\lib5d0\FastLED\fl\bytestreammemory.cpp.o
Compiling .pio\build\lilygo-t-embed-cc1101\lib5d0\FastLED\fl\colorutils.cpp.o
Compiling .pio\build\lilygo-t-embed-cc1101\lib5d0\FastLED\fl\corkscrew.cpp.o
Compiling .pio\build\lilygo-t-embed-cc1101\lib5d0\FastLED\fl\crgb_hsv16.cpp.o
Compiling .pio\build\lilygo-t-embed-cc1101\lib5d0\FastLED\fl\downscale.cpp.o
Compiling .pio\build\lilygo-t-embed-cc1101\lib5d0\FastLED\fl\ease.cpp.o
Compiling .pio\build\lilygo-t-embed-cc1101\lib5d0\FastLED\fl\engine_events.cpp.o
Compiling .pio\build\lilygo-t-embed-cc1101\lib5d0\FastLED\fl\fetch.cpp.o
Compiling .pio\build\lilygo-t-embed-cc1101\lib5d0\FastLED\fl\fft.cpp.o
Compiling .pio\build\lilygo-t-embed-cc1101\lib5d0\FastLED\fl\fft_impl.cpp.o
Compiling .pio\build\lilygo-t-embed-cc1101\lib5d0\FastLED\fl\file_system.cpp.o
Compiling .pio\build\lilygo-t-embed-cc1101\lib5d0\FastLED\fl\fill.cpp.o
Compiling .pio\build\lilygo-t-embed-cc1101\lib5d0\FastLED\fl\gamma.cpp.o
Compiling .pio\build\lilygo-t-embed-cc1101\lib5d0\FastLED\fl\gradient.cpp.o
Compiling .pio\build\lilygo-t-embed-cc1101\lib5d0\FastLED\fl\hsv16.cpp.o
Compiling .pio\build\lilygo-t-embed-cc1101\lib5d0\FastLED\fl\id_tracker.cpp.o
Compiling .pio\build\lilygo-t-embed-cc1101\lib5d0\FastLED\fl\io.cpp.o
Compiling .pio\build\lilygo-t-embed-cc1101\lib5d0\FastLED\fl\istream.cpp.o
Compiling .pio\build\lilygo-t-embed-cc1101\lib5d0\FastLED\fl\json.cpp.o
Compiling .pio\build\lilygo-t-embed-cc1101\lib5d0\FastLED\fl\leds.cpp.o
Compiling .pio\build\lilygo-t-embed-cc1101\lib5d0\FastLED\fl\line_simplification.cpp.o
Compiling .pio\build\lilygo-t-embed-cc1101\lib5d0\FastLED\fl\noise_woryley.cpp.o
Compiling .pio\build\lilygo-t-embed-cc1101\lib5d0\FastLED\fl\ostream.cpp.o
Compiling .pio\build\lilygo-t-embed-cc1101\lib5d0\FastLED\fl\ptr.cpp.o
Compiling .pio\build\lilygo-t-embed-cc1101\lib5d0\FastLED\fl\random.cpp.o
Compiling .pio\build\lilygo-t-embed-cc1101\lib5d0\FastLED\fl\raster_sparse.cpp.o
Compiling .pio\build\lilygo-t-embed-cc1101\lib5d0\FastLED\fl\rectangular_draw_buffer.cpp.o
Compiling .pio\build\lilygo-t-embed-cc1101\lib5d0\FastLED\fl\referent.cpp.o
Compiling .pio\build\lilygo-t-embed-cc1101\lib5d0\FastLED\fl\rgbw.cpp.o
Compiling .pio\build\lilygo-t-embed-cc1101\lib5d0\FastLED\fl\screenmap.cpp.o
Compiling .pio\build\lilygo-t-embed-cc1101\lib5d0\FastLED\fl\sin32.cpp.o
Compiling .pio\build\lilygo-t-embed-cc1101\lib5d0\FastLED\fl\splat.cpp.o
Compiling .pio\build\lilygo-t-embed-cc1101\lib5d0\FastLED\fl\str.cpp.o
Compiling .pio\build\lilygo-t-embed-cc1101\lib5d0\FastLED\fl\str_ui.cpp.o
Compiling .pio\build\lilygo-t-embed-cc1101\lib5d0\FastLED\fl\strstream.cpp.o
Compiling .pio\build\lilygo-t-embed-cc1101\lib5d0\FastLED\fl\stub_main.cpp.o
Compiling .pio\build\lilygo-t-embed-cc1101\lib5d0\FastLED\fl\task.cpp.o
Compiling .pio\build\lilygo-t-embed-cc1101\lib5d0\FastLED\fl\tile2x2.cpp.o
Compiling .pio\build\lilygo-t-embed-cc1101\lib5d0\FastLED\fl\time.cpp.o
Compiling .pio\build\lilygo-t-embed-cc1101\lib5d0\FastLED\fl\time_alpha.cpp.o
Compiling .pio\build\lilygo-t-embed-cc1101\lib5d0\FastLED\fl\transform.cpp.o
Compiling .pio\build\lilygo-t-embed-cc1101\lib5d0\FastLED\fl\type_traits.cpp.o
Compiling .pio\build\lilygo-t-embed-cc1101\lib5d0\FastLED\fl\ui.cpp.o
Compiling .pio\build\lilygo-t-embed-cc1101\lib5d0\FastLED\fl\upscale.cpp.o
Compiling .pio\build\lilygo-t-embed-cc1101\lib5d0\FastLED\fl\wave_simulation.cpp.o
Compiling .pio\build\lilygo-t-embed-cc1101\lib5d0\FastLED\fl\wave_simulation_real.cpp.o
Compiling .pio\build\lilygo-t-embed-cc1101\lib5d0\FastLED\fl\xmap.cpp.o
Compiling .pio\build\lilygo-t-embed-cc1101\lib5d0\FastLED\fl\xymap.cpp.o
Compiling .pio\build\lilygo-t-embed-cc1101\lib5d0\FastLED\fl\xypath.cpp.o
Compiling .pio\build\lilygo-t-embed-cc1101\lib5d0\FastLED\fl\xypath_impls.cpp.o
Compiling .pio\build\lilygo-t-embed-cc1101\lib5d0\FastLED\fl\xypath_renderer.cpp.o
Compiling .pio\build\lilygo-t-embed-cc1101\lib5d0\FastLED\fx\2d\blend.cpp.o
Compiling .pio\build\lilygo-t-embed-cc1101\lib5d0\FastLED\fx\2d\luminova.cpp.o
Compiling .pio\build\lilygo-t-embed-cc1101\lib5d0\FastLED\fx\2d\noisepalette.cpp.o
Compiling .pio\build\lilygo-t-embed-cc1101\lib5d0\FastLED\fx\2d\scale_up.cpp.o
Compiling .pio\build\lilygo-t-embed-cc1101\lib5d0\FastLED\fx\2d\wave.cpp.o
Compiling .pio\build\lilygo-t-embed-cc1101\lib5d0\FastLED\fx\detail\fx_layer.cpp.o
Compiling .pio\build\lilygo-t-embed-cc1101\lib5d0\FastLED\fx\frame.cpp.o
Compiling .pio\build\lilygo-t-embed-cc1101\lib5d0\FastLED\fx\fx_engine.cpp.o
Compiling .pio\build\lilygo-t-embed-cc1101\lib5d0\FastLED\fx\time.cpp.o
Compiling .pio\build\lilygo-t-embed-cc1101\lib5d0\FastLED\fx\video.cpp.o
Compiling .pio\build\lilygo-t-embed-cc1101\lib5d0\FastLED\fx\video\frame_interpolator.cpp.o
Compiling .pio\build\lilygo-t-embed-cc1101\lib5d0\FastLED\fx\video\frame_tracker.cpp.o
Compiling .pio\build\lilygo-t-embed-cc1101\lib5d0\FastLED\fx\video\pixel_stream.cpp.o
Compiling .pio\build\lilygo-t-embed-cc1101\lib5d0\FastLED\fx\video\video_impl.cpp.o
Compiling .pio\build\lilygo-t-embed-cc1101\lib5d0\FastLED\hsv2rgb.cpp.o
Compiling .pio\build\lilygo-t-embed-cc1101\lib5d0\FastLED\lib8tion.cpp.o
Compiling .pio\build\lilygo-t-embed-cc1101\lib5d0\FastLED\noise.cpp.o
Compiling .pio\build\lilygo-t-embed-cc1101\lib5d0\FastLED\platforms.cpp.o
Compiling .pio\build\lilygo-t-embed-cc1101\lib5d0\FastLED\platforms\adafruit\clockless.cpp.o
Compiling .pio\build\lilygo-t-embed-cc1101\lib5d0\FastLED\platforms\arm\k20\clockless_objectfled.cpp.o
Compiling .pio\build\lilygo-t-embed-cc1101\lib5d0\FastLED\platforms\arm\mgm240\fastpin_arm_mgm240.cpp.o
Compiling .pio\build\lilygo-t-embed-cc1101\lib5d0\FastLED\platforms\compile_test.cpp.o
Compiling .pio\build\lilygo-t-embed-cc1101\lib5d0\FastLED\platforms\esp\32\audio\audio.cpp.o
Compiling .pio\build\lilygo-t-embed-cc1101\lib5d0\FastLED\platforms\esp\32\audio\sound_util.cpp.o
Compiling .pio\build\lilygo-t-embed-cc1101\lib5d0\FastLED\platforms\esp\32\clockless_i2s_esp32s3.cpp.o
Compiling .pio\build\lilygo-t-embed-cc1101\lib5d0\FastLED\platforms\esp\32\i2s\i2s_esp32dev.cpp.o
Compiling .pio\build\lilygo-t-embed-cc1101\lib5d0\FastLED\platforms\esp\32\rmt_4\idf4_rmt.cpp.o
Compiling .pio\build\lilygo-t-embed-cc1101\lib5d0\FastLED\platforms\esp\32\rmt_4\idf4_rmt_impl.cpp.o
Compiling .pio\build\lilygo-t-embed-cc1101\lib5d0\FastLED\platforms\esp\32\rmt_5\idf5_rmt.cpp.o
Compiling .pio\build\lilygo-t-embed-cc1101\lib5d0\FastLED\platforms\esp\32\rmt_5\strip_rmt.cpp.o
Compiling .pio\build\lilygo-t-embed-cc1101\lib5d0\FastLED\platforms\esp\32\spi_ws2812\strip_spi.cpp.o
.pio/libdeps/lilygo-t-embed-cc1101/FastLED/src/platforms/esp/32/rmt_5/idf5_rmt.cpp:8:2: warning: #warning 
"FASTLED_RMT_BUILTIN_DRIVER is not supported in RMT5 and will be ignored." [-Wcpp]
    8 | #warning "FASTLED_RMT_BUILTIN_DRIVER is not supported in RMT5 and will be ignored."
      |  ^~~~~~~
Compiling .pio\build\lilygo-t-embed-cc1101\lib5d0\FastLED\platforms\stub\Arduino.cpp.o
Compiling .pio\build\lilygo-t-embed-cc1101\lib5d0\FastLED\platforms\stub\led_sysdefs_stub.cpp.o
Compiling .pio\build\lilygo-t-embed-cc1101\lib5d0\FastLED\platforms\stub\time_stub.cpp.o
Compiling .pio\build\lilygo-t-embed-cc1101\lib5d0\FastLED\platforms\wasm\active_strip_data.cpp.o
Compiling .pio\build\lilygo-t-embed-cc1101\lib5d0\FastLED\platforms\wasm\engine_listener.cpp.o
Compiling .pio\build\lilygo-t-embed-cc1101\lib5d0\FastLED\platforms\wasm\entry_point.cpp.o
Compiling .pio\build\lilygo-t-embed-cc1101\lib5d0\FastLED\platforms\wasm\fastspi_wasm.cpp.o
Compiling .pio\build\lilygo-t-embed-cc1101\lib5d0\FastLED\platforms\wasm\fs_wasm.cpp.o
Compiling .pio\build\lilygo-t-embed-cc1101\lib5d0\FastLED\platforms\wasm\js.cpp.o
Compiling .pio\build\lilygo-t-embed-cc1101\lib5d0\FastLED\platforms\wasm\js_bindings.cpp.o
Compiling .pio\build\lilygo-t-embed-cc1101\lib5d0\FastLED\platforms\wasm\js_fetch.cpp.o
Compiling .pio\build\lilygo-t-embed-cc1101\lib5d0\FastLED\platforms\wasm\timer.cpp.o
Compiling .pio\build\lilygo-t-embed-cc1101\lib5d0\FastLED\platforms\wasm\ui.cpp.o
Compiling .pio\build\lilygo-t-embed-cc1101\lib5d0\FastLED\power_mgt.cpp.o
Compiling .pio\build\lilygo-t-embed-cc1101\lib5d0\FastLED\sensors\button.cpp.o
Compiling .pio\build\lilygo-t-embed-cc1101\lib5d0\FastLED\sensors\digital_pin.cpp.o
Compiling .pio\build\lilygo-t-embed-cc1101\lib5d0\FastLED\sensors\pir.cpp.o
Compiling .pio\build\lilygo-t-embed-cc1101\lib5d0\FastLED\simplex.cpp.o
Compiling .pio\build\lilygo-t-embed-cc1101\lib5d0\FastLED\third_party\cq_kernel\cq_kernel.cpp.o
Compiling .pio\build\lilygo-t-embed-cc1101\lib5d0\FastLED\third_party\cq_kernel\kiss_fft.cpp.o
Compiling .pio\build\lilygo-t-embed-cc1101\lib5d0\FastLED\third_party\cq_kernel\kiss_fftr.cpp.o
Compiling .pio\build\lilygo-t-embed-cc1101\lib5d0\FastLED\third_party\espressif\led_strip\src\led_strip_api.c.o
Compiling .pio\build\lilygo-t-embed-cc1101\lib5d0\FastLED\third_party\espressif\led_strip\src\led_strip_rmt_dev.c.o
Compiling .pio\build\lilygo-t-embed-cc1101\lib5d0\FastLED\third_party\espressif\led_strip\src\led_strip_rmt_encoder.c.o
Compiling .pio\build\lilygo-t-embed-cc1101\lib5d0\FastLED\third_party\espressif\led_strip\src\led_strip_spi_dev.c.o
Compiling .pio\build\lilygo-t-embed-cc1101\lib5d0\FastLED\third_party\object_fled\src\OjectFLED.cpp.o
Compiling .pio\build\lilygo-t-embed-cc1101\lib5d0\FastLED\transpose8x1_noinline.cpp.o
Compiling .pio\build\lilygo-t-embed-cc1101\lib5d0\FastLED\wiring.cpp.o
Compiling .pio\build\lilygo-t-embed-cc1101\libb92\RadioLib\Hal.cpp.o
Compiling .pio\build\lilygo-t-embed-cc1101\libb92\RadioLib\Module.cpp.o
Compiling .pio\build\lilygo-t-embed-cc1101\libb92\RadioLib\hal\Arduino\ArduinoHal.cpp.o
In file included from 
.pio/libdeps/lilygo-t-embed-cc1101/FastLED/src/third_party/yves/I2SClockLessLedDriveresp32s3/driver.h:9,
                 from .pio/libdeps/lilygo-t-embed-cc1101/FastLED/src/platforms/esp/32/clockless_i2s_esp32s3.cpp:20:
.pio/libdeps/lilygo-t-embed-cc1101/FastLED/src/third_party/yves/I2SClockLessLedDriveresp32s3/src/I2SClockLessLedDrivere
sp32s3.h: In member function 'void fl::I2SClocklessLedDriveresp32S3::_initled(uint8_t*, const int*, int, int)':
.pio/libdeps/lilygo-t-embed-cc1101/FastLED/src/third_party/yves/I2SClockLessLedDriveresp32s3/src/I2SClockLessLedDrivere
sp32s3.h:397:20: warning: 'esp_lcd_i80_bus_config_t::<unnamed union>::psram_trans_align' is deprecated 
[-Wdeprecated-declarations]
  397 |         bus_config.psram_trans_align = LCD_DRIVER_PSRAM_DATA_ALIGNMENT;
      |                    ^~~~~~~~~~~~~~~~~
In file included from C:/Users/cazie/.platformio/packages/framework-arduinoespressif32-libs/esp32s3/include/esp_lcd/inc
lude/esp_lcd_panel_io.h:11,
                 from .pio/libdeps/lilygo-t-embed-cc1101/FastLED/src/third_party/yves/I2SClockLessLedDriveresp32s3/src/
I2SClockLessLedDriveresp32s3.h:42:
C:/Users/cazie/.platformio/packages/framework-arduinoespressif32-libs/esp32s3/include/esp_lcd/include/esp_lcd_io_i80.h:
33:16: note: declared here
   33 |         size_t psram_trans_align __attribute__((deprecated)); /*!< DMA transfer alignment for data allocated 
from PSRAM */
      |                ^~~~~~~~~~~~~~~~~
.pio/libdeps/lilygo-t-embed-cc1101/FastLED/src/third_party/yves/I2SClockLessLedDriveresp32s3/src/I2SClockLessLedDrivere
sp32s3.h:397:20: warning: 'esp_lcd_i80_bus_config_t::<unnamed union>::psram_trans_align' is deprecated 
[-Wdeprecated-declarations]
  397 |         bus_config.psram_trans_align = LCD_DRIVER_PSRAM_DATA_ALIGNMENT;
      |                    ^~~~~~~~~~~~~~~~~
C:/Users/cazie/.platformio/packages/framework-arduinoespressif32-libs/esp32s3/include/esp_lcd/include/esp_lcd_io_i80.h:
33:16: note: declared here
   33 |         size_t psram_trans_align __attribute__((deprecated)); /*!< DMA transfer alignment for data allocated 
from PSRAM */
      |                ^~~~~~~~~~~~~~~~~
.pio/libdeps/lilygo-t-embed-cc1101/FastLED/src/third_party/yves/I2SClockLessLedDriveresp32s3/src/I2SClockLessLedDrivere
sp32s3.h:397:20: warning: 'esp_lcd_i80_bus_config_t::<unnamed union>::psram_trans_align' is deprecated 
[-Wdeprecated-declarations]
  397 |         bus_config.psram_trans_align = LCD_DRIVER_PSRAM_DATA_ALIGNMENT;
      |                    ^~~~~~~~~~~~~~~~~
C:/Users/cazie/.platformio/packages/framework-arduinoespressif32-libs/esp32s3/include/esp_lcd/include/esp_lcd_io_i80.h:
33:16: note: declared here
   33 |         size_t psram_trans_align __attribute__((deprecated)); /*!< DMA transfer alignment for data allocated 
from PSRAM */
      |                ^~~~~~~~~~~~~~~~~
.pio/libdeps/lilygo-t-embed-cc1101/FastLED/src/third_party/yves/I2SClockLessLedDriveresp32s3/src/I2SClockLessLedDrivere
sp32s3.h:398:20: warning: 'esp_lcd_i80_bus_config_t::sram_trans_align' is deprecated [-Wdeprecated-declarations]
  398 |         bus_config.sram_trans_align = 4;
      |                    ^~~~~~~~~~~~~~~~
C:/Users/cazie/.platformio/packages/framework-arduinoespressif32-libs/esp32s3/include/esp_lcd/include/esp_lcd_io_i80.h:
36:12: note: declared here
   36 |     size_t sram_trans_align __attribute__((deprecated)); /*!< DMA transfer alignment for data allocated from 
SRAM */
      |            ^~~~~~~~~~~~~~~~
.pio/libdeps/lilygo-t-embed-cc1101/FastLED/src/third_party/yves/I2SClockLessLedDriveresp32s3/src/I2SClockLessLedDrivere
sp32s3.h:398:20: warning: 'esp_lcd_i80_bus_config_t::sram_trans_align' is deprecated [-Wdeprecated-declarations]
  398 |         bus_config.sram_trans_align = 4;
      |                    ^~~~~~~~~~~~~~~~
C:/Users/cazie/.platformio/packages/framework-arduinoespressif32-libs/esp32s3/include/esp_lcd/include/esp_lcd_io_i80.h:
36:12: note: declared here
   36 |     size_t sram_trans_align __attribute__((deprecated)); /*!< DMA transfer alignment for data allocated from 
SRAM */
      |            ^~~~~~~~~~~~~~~~
.pio/libdeps/lilygo-t-embed-cc1101/FastLED/src/third_party/yves/I2SClockLessLedDriveresp32s3/src/I2SClockLessLedDrivere
sp32s3.h:398:20: warning: 'esp_lcd_i80_bus_config_t::sram_trans_align' is deprecated [-Wdeprecated-declarations]
  398 |         bus_config.sram_trans_align = 4;
      |                    ^~~~~~~~~~~~~~~~
C:/Users/cazie/.platformio/packages/framework-arduinoespressif32-libs/esp32s3/include/esp_lcd/include/esp_lcd_io_i80.h:
36:12: note: declared here
   36 |     size_t sram_trans_align __attribute__((deprecated)); /*!< DMA transfer alignment for data allocated from 
SRAM */
      |            ^~~~~~~~~~~~~~~~
Compiling .pio\build\lilygo-t-embed-cc1101\libb92\RadioLib\hal\RPiPico\PicoHal.cpp.o
Compiling .pio\build\lilygo-t-embed-cc1101\libb92\RadioLib\hal\Stm32duino\Stm32wlHal.cpp.o
Compiling .pio\build\lilygo-t-embed-cc1101\libb92\RadioLib\modules\CC1101\CC1101.cpp.o
Compiling .pio\build\lilygo-t-embed-cc1101\libb92\RadioLib\modules\LLCC68\LLCC68.cpp.o
Compiling .pio\build\lilygo-t-embed-cc1101\libb92\RadioLib\modules\LR11x0\LR1110.cpp.o
Compiling .pio\build\lilygo-t-embed-cc1101\libb92\RadioLib\modules\LR11x0\LR1120.cpp.o
Compiling .pio\build\lilygo-t-embed-cc1101\libb92\RadioLib\modules\LR11x0\LR1121.cpp.o
Compiling .pio\build\lilygo-t-embed-cc1101\libb92\RadioLib\modules\LR11x0\LR11x0.cpp.o
Compiling .pio\build\lilygo-t-embed-cc1101\libb92\RadioLib\modules\LR11x0\LR11x0_commands.cpp.o
Compiling .pio\build\lilygo-t-embed-cc1101\libb92\RadioLib\modules\LR11x0\LR11x0_crypto.cpp.o
Compiling .pio\build\lilygo-t-embed-cc1101\libb92\RadioLib\modules\LR11x0\LR11x0_gnss.cpp.o
Compiling .pio\build\lilygo-t-embed-cc1101\libb92\RadioLib\modules\LR11x0\LR11x0_wifi.cpp.o
Compiling .pio\build\lilygo-t-embed-cc1101\libb92\RadioLib\modules\LR11x0\LR_common.cpp.o
Compiling .pio\build\lilygo-t-embed-cc1101\libb92\RadioLib\modules\LR2021\LR2021.cpp.o
Compiling .pio\build\lilygo-t-embed-cc1101\libb92\RadioLib\modules\LR2021\LR2021_cmds_chip_control.cpp.o
Compiling .pio\build\lilygo-t-embed-cc1101\libb92\RadioLib\modules\LR2021\LR2021_cmds_flrc.cpp.o
Compiling .pio\build\lilygo-t-embed-cc1101\libb92\RadioLib\modules\LR2021\LR2021_cmds_gfsk.cpp.o
Compiling .pio\build\lilygo-t-embed-cc1101\libb92\RadioLib\modules\LR2021\LR2021_cmds_lora.cpp.o
Compiling .pio\build\lilygo-t-embed-cc1101\libb92\RadioLib\modules\LR2021\LR2021_cmds_misc.cpp.o
Compiling .pio\build\lilygo-t-embed-cc1101\libb92\RadioLib\modules\LR2021\LR2021_cmds_ook.cpp.o
Compiling .pio\build\lilygo-t-embed-cc1101\libb92\RadioLib\modules\LR2021\LR2021_cmds_oqpsk.cpp.o
Compiling .pio\build\lilygo-t-embed-cc1101\libb92\RadioLib\modules\LR2021\LR2021_cmds_radio.cpp.o
Compiling .pio\build\lilygo-t-embed-cc1101\libb92\RadioLib\modules\LR2021\LR2021_cmds_ranging.cpp.o
Compiling .pio\build\lilygo-t-embed-cc1101\libb92\RadioLib\modules\LR2021\LR2021_config.cpp.o
Compiling .pio\build\lilygo-t-embed-cc1101\libb92\RadioLib\modules\RF69\RF69.cpp.o
Compiling .pio\build\lilygo-t-embed-cc1101\libb92\RadioLib\modules\SX123x\SX1231.cpp.o
Compiling .pio\build\lilygo-t-embed-cc1101\libb92\RadioLib\modules\SX123x\SX1233.cpp.o
Compiling .pio\build\lilygo-t-embed-cc1101\libb92\RadioLib\modules\SX126x\STM32WLx.cpp.o
Compiling .pio\build\lilygo-t-embed-cc1101\libb92\RadioLib\modules\SX126x\SX1261.cpp.o
Compiling .pio\build\lilygo-t-embed-cc1101\libb92\RadioLib\modules\SX126x\SX1262.cpp.o
Compiling .pio\build\lilygo-t-embed-cc1101\libb92\RadioLib\modules\SX126x\SX1268.cpp.o
Compiling .pio\build\lilygo-t-embed-cc1101\libb92\RadioLib\modules\SX126x\SX126x.cpp.o
Compiling .pio\build\lilygo-t-embed-cc1101\libb92\RadioLib\modules\SX126x\SX126x_LR_FHSS.cpp.o
Compiling .pio\build\lilygo-t-embed-cc1101\libb92\RadioLib\modules\SX126x\SX126x_commands.cpp.o
Compiling .pio\build\lilygo-t-embed-cc1101\libb92\RadioLib\modules\SX126x\SX126x_config.cpp.o
Compiling .pio\build\lilygo-t-embed-cc1101\libb92\RadioLib\modules\SX127x\SX1272.cpp.o
Compiling .pio\build\lilygo-t-embed-cc1101\libb92\RadioLib\modules\SX127x\SX1273.cpp.o
Compiling .pio\build\lilygo-t-embed-cc1101\libb92\RadioLib\modules\SX127x\SX1276.cpp.o
Compiling .pio\build\lilygo-t-embed-cc1101\libb92\RadioLib\modules\SX127x\SX1277.cpp.o
Compiling .pio\build\lilygo-t-embed-cc1101\libb92\RadioLib\modules\SX127x\SX1278.cpp.o
Compiling .pio\build\lilygo-t-embed-cc1101\libb92\RadioLib\modules\SX127x\SX1279.cpp.o
Compiling .pio\build\lilygo-t-embed-cc1101\libb92\RadioLib\modules\SX127x\SX127x.cpp.o
Compiling .pio\build\lilygo-t-embed-cc1101\libb92\RadioLib\modules\SX128x\SX1280.cpp.o
Compiling .pio\build\lilygo-t-embed-cc1101\libb92\RadioLib\modules\SX128x\SX1281.cpp.o
Compiling .pio\build\lilygo-t-embed-cc1101\libb92\RadioLib\modules\SX128x\SX1282.cpp.o
Compiling .pio\build\lilygo-t-embed-cc1101\libb92\RadioLib\modules\SX128x\SX128x.cpp.o
Compiling .pio\build\lilygo-t-embed-cc1101\libb92\RadioLib\modules\Si443x\Si4430.cpp.o
Compiling .pio\build\lilygo-t-embed-cc1101\libb92\RadioLib\modules\Si443x\Si4431.cpp.o
Compiling .pio\build\lilygo-t-embed-cc1101\libb92\RadioLib\modules\Si443x\Si4432.cpp.o
Compiling .pio\build\lilygo-t-embed-cc1101\libb92\RadioLib\modules\Si443x\Si443x.cpp.o
Compiling .pio\build\lilygo-t-embed-cc1101\libb92\RadioLib\modules\nRF24\nRF24.cpp.o
Compiling .pio\build\lilygo-t-embed-cc1101\libb92\RadioLib\protocols\ADSB\ADSB.cpp.o
Compiling .pio\build\lilygo-t-embed-cc1101\libb92\RadioLib\protocols\AFSK\AFSK.cpp.o
Compiling .pio\build\lilygo-t-embed-cc1101\libb92\RadioLib\protocols\APRS\APRS.cpp.o
Compiling .pio\build\lilygo-t-embed-cc1101\libb92\RadioLib\protocols\AX25\AX25.cpp.o
Compiling .pio\build\lilygo-t-embed-cc1101\libb92\RadioLib\protocols\BellModem\BellModem.cpp.o
Compiling .pio\build\lilygo-t-embed-cc1101\libb92\RadioLib\protocols\ExternalRadio\ExternalRadio.cpp.o
Compiling .pio\build\lilygo-t-embed-cc1101\libb92\RadioLib\protocols\FSK4\FSK4.cpp.o
Compiling .pio\build\lilygo-t-embed-cc1101\libb92\RadioLib\protocols\Hellschreiber\Hellschreiber.cpp.o
Compiling .pio\build\lilygo-t-embed-cc1101\libb92\RadioLib\protocols\LoRaWAN\LoRaWAN.cpp.o
Compiling .pio\build\lilygo-t-embed-cc1101\libb92\RadioLib\protocols\LoRaWAN\LoRaWANBands.cpp.o
Compiling .pio\build\lilygo-t-embed-cc1101\libb92\RadioLib\protocols\LoRaWAN\LoRaWANPacMan.cpp.o
Compiling .pio\build\lilygo-t-embed-cc1101\libb92\RadioLib\protocols\LoRaWAN\LoRaWANPackageTS003.cpp.o
Compiling .pio\build\lilygo-t-embed-cc1101\libb92\RadioLib\protocols\LoRaWAN\LoRaWANPackageTS009.cpp.o
Compiling .pio\build\lilygo-t-embed-cc1101\libb92\RadioLib\protocols\Morse\Morse.cpp.o
Compiling .pio\build\lilygo-t-embed-cc1101\libb92\RadioLib\protocols\Pager\Pager.cpp.o
Compiling .pio\build\lilygo-t-embed-cc1101\libb92\RadioLib\protocols\PhysicalLayer\PhysicalLayer.cpp.o
Compiling .pio\build\lilygo-t-embed-cc1101\libb92\RadioLib\protocols\Print\ITA2String.cpp.o
Compiling .pio\build\lilygo-t-embed-cc1101\libb92\RadioLib\protocols\Print\Print.cpp.o
Compiling .pio\build\lilygo-t-embed-cc1101\libb92\RadioLib\protocols\RTTY\RTTY.cpp.o
Compiling .pio\build\lilygo-t-embed-cc1101\libb92\RadioLib\protocols\SSTV\SSTV.cpp.o
Compiling .pio\build\lilygo-t-embed-cc1101\libb92\RadioLib\utils\BCH.cpp.o
Compiling .pio\build\lilygo-t-embed-cc1101\libb92\RadioLib\utils\CRC.cpp.o
Compiling .pio\build\lilygo-t-embed-cc1101\libb92\RadioLib\utils\ConvCode.cpp.o
Compiling .pio\build\lilygo-t-embed-cc1101\libb92\RadioLib\utils\Cryptography.cpp.o
Compiling .pio\build\lilygo-t-embed-cc1101\libb92\RadioLib\utils\Utils.cpp.o
Compiling .pio\build\lilygo-t-embed-cc1101\lib156\NFC-RFAL-fork\ndef_message.cpp.o
Compiling .pio\build\lilygo-t-embed-cc1101\lib156\NFC-RFAL-fork\ndef_poller.cpp.o
Compiling .pio\build\lilygo-t-embed-cc1101\lib156\NFC-RFAL-fork\ndef_record.cpp.o
Compiling .pio\build\lilygo-t-embed-cc1101\lib156\NFC-RFAL-fork\ndef_t2t.cpp.o
Compiling .pio\build\lilygo-t-embed-cc1101\lib156\NFC-RFAL-fork\ndef_t3t.cpp.o
Compiling .pio\build\lilygo-t-embed-cc1101\lib156\NFC-RFAL-fork\ndef_t4t.cpp.o
Compiling .pio\build\lilygo-t-embed-cc1101\lib156\NFC-RFAL-fork\ndef_t5t.cpp.o
Compiling .pio\build\lilygo-t-embed-cc1101\lib156\NFC-RFAL-fork\ndef_type_wifi.cpp.o
Compiling .pio\build\lilygo-t-embed-cc1101\lib156\NFC-RFAL-fork\ndef_types.cpp.o
Compiling .pio\build\lilygo-t-embed-cc1101\lib156\NFC-RFAL-fork\ndef_types_mime.cpp.o
Compiling .pio\build\lilygo-t-embed-cc1101\lib156\NFC-RFAL-fork\ndef_types_rtd.cpp.o
Compiling .pio\build\lilygo-t-embed-cc1101\lib156\NFC-RFAL-fork\rfal_isoDep.cpp.o
Compiling .pio\build\lilygo-t-embed-cc1101\lib156\NFC-RFAL-fork\rfal_nfc.cpp.o
Compiling .pio\build\lilygo-t-embed-cc1101\lib156\NFC-RFAL-fork\rfal_nfcDep.cpp.o
Compiling .pio\build\lilygo-t-embed-cc1101\lib156\NFC-RFAL-fork\rfal_nfca.cpp.o
Compiling .pio\build\lilygo-t-embed-cc1101\lib156\NFC-RFAL-fork\rfal_nfcb.cpp.o
Compiling .pio\build\lilygo-t-embed-cc1101\lib156\NFC-RFAL-fork\rfal_nfcf.cpp.o
Compiling .pio\build\lilygo-t-embed-cc1101\lib156\NFC-RFAL-fork\rfal_nfcv.cpp.o
Compiling .pio\build\lilygo-t-embed-cc1101\lib156\NFC-RFAL-fork\rfal_st25tb.cpp.o
Compiling .pio\build\lilygo-t-embed-cc1101\lib156\NFC-RFAL-fork\rfal_st25xv.cpp.o
Compiling .pio\build\lilygo-t-embed-cc1101\lib156\NFC-RFAL-fork\rfal_t1t.cpp.o
Compiling .pio\build\lilygo-t-embed-cc1101\lib156\NFC-RFAL-fork\rfal_t2t.cpp.o
Compiling .pio\build\lilygo-t-embed-cc1101\lib156\NFC-RFAL-fork\rfal_t4t.cpp.o
Compiling .pio\build\lilygo-t-embed-cc1101\libfd0\ST25R3916-fork\rfal_rfst25r3916.cpp.o
Compiling .pio\build\lilygo-t-embed-cc1101\libfd0\ST25R3916-fork\rfal_rfst25r3916_analogConfig.cpp.o
Compiling .pio\build\lilygo-t-embed-cc1101\libfd0\ST25R3916-fork\rfal_rfst25r3916_crc.cpp.o
Compiling .pio\build\lilygo-t-embed-cc1101\libfd0\ST25R3916-fork\rfal_rfst25r3916_iso15693_2.cpp.o
Compiling .pio\build\lilygo-t-embed-cc1101\libfd0\ST25R3916-fork\st25r3916.cpp.o
Compiling .pio\build\lilygo-t-embed-cc1101\libfd0\ST25R3916-fork\st25r3916_aat.cpp.o
Compiling .pio\build\lilygo-t-embed-cc1101\libfd0\ST25R3916-fork\st25r3916_com.cpp.o
Compiling .pio\build\lilygo-t-embed-cc1101\libfd0\ST25R3916-fork\st25r3916_interrupt.cpp.o
Compiling .pio\build\lilygo-t-embed-cc1101\libfd0\ST25R3916-fork\st25r3916_timer.cpp.o
Compiling .pio\build\lilygo-t-embed-cc1101\libf85\XPowersLib\XPowersLibInterface.cpp.o
Compiling .pio\build\lilygo-t-embed-cc1101\lib478\utility\AXP192.cpp.o
Compiling .pio\build\lilygo-t-embed-cc1101\lib478\utility\Keyboard.cpp.o
Compiling .pio\build\lilygo-t-embed-cc1101\lib478\utility\bq27220.cpp.o
Compiling .pio\build\lilygo-t-embed-cc1101\lib267\Preferences\Preferences.cpp.o
Compiling .pio\build\lilygo-t-embed-cc1101\lib8c0\Ethernet\ETH.cpp.o
Compiling .pio\build\lilygo-t-embed-cc1101\lib00e\Bad_Usb_Lib\BleKeyboard.cpp.o
Compiling .pio\build\lilygo-t-embed-cc1101\lib00e\Bad_Usb_Lib\CH9329_Keyboard.cpp.o
Compiling .pio\build\lilygo-t-embed-cc1101\lib00e\Bad_Usb_Lib\KeyboardLayout_da_DK.cpp.o
Compiling .pio\build\lilygo-t-embed-cc1101\lib00e\Bad_Usb_Lib\KeyboardLayout_de_DE.cpp.o
Compiling .pio\build\lilygo-t-embed-cc1101\lib00e\Bad_Usb_Lib\KeyboardLayout_en_UK.cpp.o
Compiling .pio\build\lilygo-t-embed-cc1101\lib00e\Bad_Usb_Lib\KeyboardLayout_en_US.cpp.o
Compiling .pio\build\lilygo-t-embed-cc1101\lib00e\Bad_Usb_Lib\KeyboardLayout_es_ES.cpp.o
Compiling .pio\build\lilygo-t-embed-cc1101\lib00e\Bad_Usb_Lib\KeyboardLayout_fr_FR.cpp.o
Compiling .pio\build\lilygo-t-embed-cc1101\lib00e\Bad_Usb_Lib\KeyboardLayout_hu_HU.cpp.o
Compiling .pio\build\lilygo-t-embed-cc1101\lib00e\Bad_Usb_Lib\KeyboardLayout_it_IT.cpp.o
Compiling .pio\build\lilygo-t-embed-cc1101\lib00e\Bad_Usb_Lib\KeyboardLayout_pt_BR.cpp.o
Compiling .pio\build\lilygo-t-embed-cc1101\lib00e\Bad_Usb_Lib\KeyboardLayout_pt_PT.cpp.o
Compiling .pio\build\lilygo-t-embed-cc1101\lib00e\Bad_Usb_Lib\KeyboardLayout_si_SI.cpp.o
Compiling .pio\build\lilygo-t-embed-cc1101\lib00e\Bad_Usb_Lib\KeyboardLayout_sv_SE.cpp.o
Compiling .pio\build\lilygo-t-embed-cc1101\lib00e\Bad_Usb_Lib\KeyboardLayout_tr_TR.cpp.o
lib/Bad_Usb_Lib/BleKeyboard.cpp: In member function 'void BleKeyboard::begin(const uint8_t*, uint16_t)':
lib/Bad_Usb_Lib/BleKeyboard.cpp:181:23: warning: 'void NimBLEHIDDevice::startServices()' is deprecated: Services are 
now started by the server when start() is called, this function is no longer needed and will be removed in a future 
release. [-Wdeprecated-declarations]
  181 |     hid->startServices();
      |     ~~~~~~~~~~~~~~~~~~^~
In file included from lib/Bad_Usb_Lib/BleKeyboard.h:10,
                 from lib/Bad_Usb_Lib/BleKeyboard.cpp:1:
.pio/libdeps/lilygo-t-embed-cc1101/NimBLE-Arduino/src/NimBLEHIDDevice.h:52:27: note: declared here
   52 |     void                  startServices() __attribute__((deprecated("Services are now started by the server 
when start() is called, "
      |                           ^~~~~~~~~~~~~
Compiling .pio\build\lilygo-t-embed-cc1101\lib00e\Bad_Usb_Lib\USBHID.cpp.o
Compiling .pio\build\lilygo-t-embed-cc1101\lib00e\Bad_Usb_Lib\USBHIDKeyboard.cpp.o
Compiling .pio\build\lilygo-t-embed-cc1101\lib00e\Bad_Usb_Lib\USBHIDMouse.cpp.o
Compiling .pio\build\lilygo-t-embed-cc1101\libd3c\TFT_eSPI_QRcode\frame.c.o
Compiling .pio\build\lilygo-t-embed-cc1101\libd3c\TFT_eSPI_QRcode\qrcode.cpp.o
Compiling .pio\build\lilygo-t-embed-cc1101\libd3c\TFT_eSPI_QRcode\qrencode.c.o
Compiling .pio\build\lilygo-t-embed-cc1101\libd6c\AsyncUDP\AsyncUDP.cpp.o
Compiling .pio\build\lilygo-t-embed-cc1101\lib971\DNSServer\DNSServer.cpp.o
Compiling .pio\build\lilygo-t-embed-cc1101\libae0\RTC\cplus_RTC.cpp.o
Compiling .pio\build\lilygo-t-embed-cc1101\libae0\RTC\pcf85063_RTC.cpp.o
Compiling .pio\build\lilygo-t-embed-cc1101\liba05\ESPmDNS\ESPmDNS.cpp.o
Compiling .pio\build\lilygo-t-embed-cc1101\lib5f8\PN532_SRIX\pn532_srix.cpp.o
In file included from lib/HAL/display/tftespi.h:5,
                 from lib/HAL/display/tft.h:14,
                 from lib/TFT_eSPI_QRcode/src/qrcode.h:1,
                 from lib/TFT_eSPI_QRcode/src/qrcode.cpp:3:
lib/TFT_eSPI/TFT_eSPI.h:1029:2: warning: #warning >>>>------>> TOUCH_CS pin not defined, TFT_eSPI touch functions will 
not be available! [-Wcpp]
 1029 | #warning >>>>------>> TOUCH_CS pin not defined, TFT_eSPI touch functions will not be available!
      |  ^~~~~~~
Compiling .pio\build\lilygo-t-embed-cc1101\boards\lilygo-t-embed-cc1101\interface.cpp.o
Compiling .pio\build\lilygo-t-embed-cc1101\src\core\bus_HAL.cpp.o
Compiling .pio\build\lilygo-t-embed-cc1101\src\core\config.cpp.o
Compiling .pio\build\lilygo-t-embed-cc1101\src\core\configPins.cpp.o
Compiling .pio\build\lilygo-t-embed-cc1101\src\core\connect\esp_connection.cpp.o
Compiling .pio\build\lilygo-t-embed-cc1101\src\core\connect\file_sharing.cpp.o
Compiling .pio\build\lilygo-t-embed-cc1101\src\core\connect\serial_commands.cpp.o
Compiling .pio\build\lilygo-t-embed-cc1101\src\core\display.cpp.o
Compiling .pio\build\lilygo-t-embed-cc1101\src\core\event_log.cpp.o
Compiling .pio\build\lilygo-t-embed-cc1101\src\core\guardian_eye.cpp.o
Compiling .pio\build\lilygo-t-embed-cc1101\src\core\i2c_finder.cpp.o
Compiling .pio\build\lilygo-t-embed-cc1101\src\core\led_control.cpp.o
Compiling .pio\build\lilygo-t-embed-cc1101\src\core\main_menu.cpp.o
Compiling .pio\build\lilygo-t-embed-cc1101\src\core\massStorage.cpp.o
Compiling .pio\build\lilygo-t-embed-cc1101\src\core\menu_items\BleMenu.cpp.o
Compiling .pio\build\lilygo-t-embed-cc1101\src\core\menu_items\ClockMenu.cpp.o
src/core/config.cpp: In member function 'void BruceConfig::validateBadUSBBLEKeyDelay()':
src/core/config.cpp:805:27: warning: comparison is always false due to limited range of data type [-Wtype-limits]
  805 |     if (badUSBBLEKeyDelay < 0) badUSBBLEKeyDelay = 0;
      |         ~~~~~~~~~~~~~~~~~~^~~
Compiling .pio\build\lilygo-t-embed-cc1101\src\core\menu_items\ConfigMenu.cpp.o
In file included from src/core/display.cpp:1959:
.pio/libdeps/lilygo-t-embed-cc1101/PNGdec/src/PNGdec.h:217:9: warning: "INTELSHORT" redefined
  217 | #define INTELSHORT(p) ((*p) + (*(p+1)<<8))
      |         ^~~~~~~~~~
In file included from src/core/display.h:33,
                 from src/core/display.cpp:1:
.pio/libdeps/lilygo-t-embed-cc1101/AnimatedGIF/src/AnimatedGIF.h:289:9: note: this is the location of the previous 
definition
  289 | #define INTELSHORT(p) (*(uint16_t *)p)
      |         ^~~~~~~~~~
.pio/libdeps/lilygo-t-embed-cc1101/PNGdec/src/PNGdec.h:218:9: warning: "INTELLONG" redefined
  218 | #define INTELLONG(p) ((*p) + (*(p+1)<<8) + (*(p+2)<<16) + (*(p+3)<<24))
      |         ^~~~~~~~~
.pio/libdeps/lilygo-t-embed-cc1101/AnimatedGIF/src/AnimatedGIF.h:290:9: note: this is the location of the previous 
definition
  290 | #define INTELLONG(p) (*(uint32_t *)p)
      |         ^~~~~~~~~
Compiling .pio\build\lilygo-t-embed-cc1101\src\core\menu_items\ConnectMenu.cpp.o
Compiling .pio\build\lilygo-t-embed-cc1101\src\core\menu_items\EthernetMenu.cpp.o
Compiling .pio\build\lilygo-t-embed-cc1101\src\core\menu_items\FMMenu.cpp.o
Compiling .pio\build\lilygo-t-embed-cc1101\src\core\menu_items\FileMenu.cpp.o
Compiling .pio\build\lilygo-t-embed-cc1101\src\core\menu_items\GpsMenu.cpp.o
Compiling .pio\build\lilygo-t-embed-cc1101\src\core\menu_items\IRMenu.cpp.o
Compiling .pio\build\lilygo-t-embed-cc1101\src\core\menu_items\LoRaMenu.cpp.o
Compiling .pio\build\lilygo-t-embed-cc1101\src\core\menu_items\ModulesMenu.cpp.o
Compiling .pio\build\lilygo-t-embed-cc1101\src\core\menu_items\NRF24.cpp.o
Compiling .pio\build\lilygo-t-embed-cc1101\src\core\menu_items\OthersMenu.cpp.o
Compiling .pio\build\lilygo-t-embed-cc1101\src\core\menu_items\RFIDMenu.cpp.o
Compiling .pio\build\lilygo-t-embed-cc1101\src\core\menu_items\RFMenu.cpp.o
Compiling .pio\build\lilygo-t-embed-cc1101\src\core\menu_items\ScriptsMenu.cpp.o
Compiling .pio\build\lilygo-t-embed-cc1101\src\core\menu_items\VeilleMenu.cpp.o
Compiling .pio\build\lilygo-t-embed-cc1101\src\core\menu_items\WifiMenu.cpp.o
Compiling .pio\build\lilygo-t-embed-cc1101\src\core\mifare_keys_manager.cpp.o
Compiling .pio\build\lilygo-t-embed-cc1101\src\core\module_detect.cpp.o
Compiling .pio\build\lilygo-t-embed-cc1101\src\core\mykeyboard.cpp.o
Compiling .pio\build\lilygo-t-embed-cc1101\src\core\net_utils.cpp.o
src/core/menu_items/FileMenu.cpp: In lambda function:
src/core/menu_items/FileMenu.cpp:17:35: warning: implicit capture of 'this' via '[=]' is deprecated in C++20 
[-Wdeprecated]
   17 |     options.push_back({"Connect", [=]() {
      |                                   ^
src/core/menu_items/FileMenu.cpp:17:35: note: add explicit 'this' or '*this' capture
src/core/menu_items/FileMenu.cpp:23:27: warning: implicit capture of 'this' via '[=]' is deprecated in C++20 
[-Wdeprecated]
   23 |             {"Back",      [=]() { optionsMenu(); }                   }
      |                           ^
src/core/menu_items/FileMenu.cpp:23:27: note: add explicit 'this' or '*this' capture
Compiling .pio\build\lilygo-t-embed-cc1101\src\core\oui_vendor.cpp.o
Compiling .pio\build\lilygo-t-embed-cc1101\src\core\passwords.cpp.o
Compiling .pio\build\lilygo-t-embed-cc1101\src\core\powerSave.cpp.o
Compiling .pio\build\lilygo-t-embed-cc1101\src\core\ram_profile.cpp.o
Compiling .pio\build\lilygo-t-embed-cc1101\src\core\scrollableTextArea.cpp.o
Compiling .pio\build\lilygo-t-embed-cc1101\src\core\sd_functions.cpp.o
Compiling .pio\build\lilygo-t-embed-cc1101\src\core\serial_commands\badusb_commands.cpp.o
Compiling .pio\build\lilygo-t-embed-cc1101\src\core\serial_commands\cli.cpp.o
Compiling .pio\build\lilygo-t-embed-cc1101\src\core\serial_commands\crypto_commands.cpp.o
Compiling .pio\build\lilygo-t-embed-cc1101\src\core\serial_commands\gpio_commands.cpp.o
Compiling .pio\build\lilygo-t-embed-cc1101\src\core\serial_commands\helpers.cpp.o
Compiling .pio\build\lilygo-t-embed-cc1101\src\core\serial_commands\interpreter_commands.cpp.o
Compiling .pio\build\lilygo-t-embed-cc1101\src\core\serial_commands\ir_commands.cpp.o
src/core/ram_profile.cpp: In function 'void ramProfileLog(const char*)':
src/core/ram_profile.cpp:24:54: warning: format '%u' expects argument of type 'unsigned int', but argument 5 has type 
'uint32_t' {aka 'long unsigned int'} [-Wformat=]
   24 |         "[RAMLOG] t=%6lums stage=%-20s | heap free=%7u minEver=%7u | internal free=%7u "
      |                                                    ~~^
      |                                                      |
      |                                                      unsigned int
      |                                                    %7lu
......
   28 |         freeHeap,
      |         ~~~~~~~~                                      
      |         |
      |         uint32_t {aka long unsigned int}
src/core/ram_profile.cpp:24:66: warning: format '%u' expects argument of type 'unsigned int', but argument 6 has type 
'uint32_t' {aka 'long unsigned int'} [-Wformat=]
   24 |         "[RAMLOG] t=%6lums stage=%-20s | heap free=%7u minEver=%7u | internal free=%7u "
      |                                                                ~~^
      |                                                                  |
      |                                                                  unsigned int
      |                                                                %7lu
......
   29 |         minFreeEver,
      |         ~~~~~~~~~~~                                               
      |         |
      |         uint32_t {aka long unsigned int}
src/core/ram_profile.cpp:24:86: warning: format '%u' expects argument of type 'unsigned int', but argument 7 has type 
'uint32_t' {aka 'long unsigned int'} [-Wformat=]
   24 |         "[RAMLOG] t=%6lums stage=%-20s | heap free=%7u minEver=%7u | internal free=%7u "
      |                                                                                    ~~^
      |                                                                                      |
      |                                                                                      unsigned int
      |                                                                                    %7lu
......
   30 |         internalFree,
      |         ~~~~~~~~~~~~                                                                  
      |         |
      |         uint32_t {aka long unsigned int}
src/core/ram_profile.cpp:25:20: warning: format '%u' expects argument of type 'unsigned int', but argument 8 has type 
'uint32_t' {aka 'long unsigned int'} [-Wformat=]
   25 |         "largest=%7u dma=%7u | psram free=%8u\n",
      |                  ~~^
      |                    |
      |                    unsigned int
      |                  %7lu
......
   31 |         internalLargest,
      |         ~~~~~~~~~~~~~~~
      |         |
      |         uint32_t {aka long unsigned int}
src/core/ram_profile.cpp:25:28: warning: format '%u' expects argument of type 'unsigned int', but argument 9 has type 
'uint32_t' {aka 'long unsigned int'} [-Wformat=]
   25 |         "largest=%7u dma=%7u | psram free=%8u\n",
      |                          ~~^
      |                            |
      |                            unsigned int
      |                          %7lu
......
   32 |         dmaLargest,
      |         ~~~~~~~~~~          
      |         |
      |         uint32_t {aka long unsigned int}
src/core/ram_profile.cpp:25:45: warning: format '%u' expects argument of type 'unsigned int', but argument 10 has type 
'uint32_t' {aka 'long unsigned int'} [-Wformat=]
   25 |         "largest=%7u dma=%7u | psram free=%8u\n",
      |                                           ~~^
      |                                             |
      |                                             unsigned int
      |                                           %8lu
......
   33 |         psramFree
      |         ~~~~~~~~~                            
      |         |
      |         uint32_t {aka long unsigned int}
Compiling .pio\build\lilygo-t-embed-cc1101\src\core\serial_commands\power_commands.cpp.o
Compiling .pio\build\lilygo-t-embed-cc1101\src\core\serial_commands\rf_commands.cpp.o
Compiling .pio\build\lilygo-t-embed-cc1101\src\core\serial_commands\rfid_commands.cpp.o
Compiling .pio\build\lilygo-t-embed-cc1101\src\core\serial_commands\screen_commands.cpp.o
Compiling .pio\build\lilygo-t-embed-cc1101\src\core\serial_commands\settings_commands.cpp.o
src/core/mykeyboard.cpp: In instantiation of 'String generalKeyboard(String, int, String, char (*)[KeyboardWidth][2], 
bool) [with int KeyboardHeight = 4; int KeyboardWidth = 12]':
src/core/mykeyboard.cpp:1347:78:   required from here
 1347 |         return generalKeyboard<azerty_keyboard_height, azerty_keyboard_width>(
      |                ~~~~~~~~~~~~~~~~~~~~~~~~~~~~~~~~~~~~~~~~~~~~~~~~~~~~~~~~~~~~~~^
 1348 |             current_text, max_size, textbox_title, azerty_keyset, mask_input
      |             ~~~~~~~~~~~~~~~~~~~~~~~~~~~~~~~~~~~~~~~~~~~~~~~~~~~~~~~~~~~~~~~~  
 1349 |         );
      |         ~                                                                     
src/core/mykeyboard.cpp:569:13: warning: variable 'longNextPress' set but not used [-Wunused-but-set-variable]
  569 |     uint8_t longNextPress = 0;
      |             ^~~~~~~~~~~~~
src/core/mykeyboard.cpp:570:13: warning: variable 'longPrevPress' set but not used [-Wunused-but-set-variable]
  570 |     uint8_t longPrevPress = 0;
      |             ^~~~~~~~~~~~~
src/core/mykeyboard.cpp: In instantiation of 'String generalKeyboard(String, int, String, char (*)[KeyboardWidth][2], 
bool) [with int KeyboardHeight = 4; int KeyboardWidth = 4]':
src/core/mykeyboard.cpp:1365:68:   required from here
 1365 |     return generalKeyboard<hex_keyboard_height, hex_keyboard_width>(
      |            ~~~~~~~~~~~~~~~~~~~~~~~~~~~~~~~~~~~~~~~~~~~~~~~~~~~~~~~~^
 1366 |         current_text, max_size, textbox_title, hex_keyset, mask_input
      |         ~~~~~~~~~~~~~~~~~~~~~~~~~~~~~~~~~~~~~~~~~~~~~~~~~~~~~~~~~~~~~
 1367 |     );
      |     ~                                                               
src/core/mykeyboard.cpp:569:13: warning: variable 'longNextPress' set but not used [-Wunused-but-set-variable]
  569 |     uint8_t longNextPress = 0;
      |             ^~~~~~~~~~~~~
src/core/mykeyboard.cpp:570:13: warning: variable 'longPrevPress' set but not used [-Wunused-but-set-variable]
  570 |     uint8_t longPrevPress = 0;
      |             ^~~~~~~~~~~~~
src/core/mykeyboard.cpp: In instantiation of 'String generalKeyboard(String, int, String, char (*)[KeyboardWidth][2], 
bool) [with int KeyboardHeight = 3; int KeyboardWidth = 4]':
src/core/mykeyboard.cpp:1373:74:   required from here
 1373 |     return generalKeyboard<numpad_keyboard_height, numpad_keyboard_width>(
      |            ~~~~~~~~~~~~~~~~~~~~~~~~~~~~~~~~~~~~~~~~~~~~~~~~~~~~~~~~~~~~~~^
 1374 |         current_text, max_size, textbox_title, numpad_keyset, mask_input
      |         ~~~~~~~~~~~~~~~~~~~~~~~~~~~~~~~~~~~~~~~~~~~~~~~~~~~~~~~~~~~~~~~~  
 1375 |     );
      |     ~                                                                     
src/core/mykeyboard.cpp:569:13: warning: variable 'longNextPress' set but not used [-Wunused-but-set-variable]
  569 |     uint8_t longNextPress = 0;
      |             ^~~~~~~~~~~~~
src/core/mykeyboard.cpp:570:13: warning: variable 'longPrevPress' set but not used [-Wunused-but-set-variable]
  570 |     uint8_t longPrevPress = 0;
      |             ^~~~~~~~~~~~~
Compiling .pio\build\lilygo-t-embed-cc1101\src\core\serial_commands\sound_commands.cpp.o
Compiling .pio\build\lilygo-t-embed-cc1101\src\core\serial_commands\storage_commands.cpp.o
Compiling .pio\build\lilygo-t-embed-cc1101\src\core\serial_commands\util_commands.cpp.o
Compiling .pio\build\lilygo-t-embed-cc1101\src\core\serial_commands\wifi_commands.cpp.o
Compiling .pio\build\lilygo-t-embed-cc1101\src\core\serialcmds.cpp.o
Compiling .pio\build\lilygo-t-embed-cc1101\src\core\settings.cpp.o
Compiling .pio\build\lilygo-t-embed-cc1101\src\core\startup_app.cpp.o
Compiling .pio\build\lilygo-t-embed-cc1101\src\core\tftLogger\tftLogger.cpp.o
Compiling .pio\build\lilygo-t-embed-cc1101\src\core\theme.cpp.o
Compiling .pio\build\lilygo-t-embed-cc1101\src\core\type_convertion.cpp.o
Compiling .pio\build\lilygo-t-embed-cc1101\src\core\utils.cpp.o
Compiling .pio\build\lilygo-t-embed-cc1101\src\core\vig_env.cpp.o
Compiling .pio\build\lilygo-t-embed-cc1101\src\core\vig_hud.cpp.o
Compiling .pio\build\lilygo-t-embed-cc1101\src\core\vig_report.cpp.o
Compiling .pio\build\lilygo-t-embed-cc1101\src\core\vig_standby.cpp.o
src/core/serial_commands/storage_commands.cpp: In function 'uint32_t ymodemReceiveCallback(cmd*)':
src/core/serial_commands/storage_commands.cpp:269:10: warning: variable 'headerReceived' set but not used 
[-Wunused-but-set-variable]
  269 |     bool headerReceived = false;
      |          ^~~~~~~~~~~~~~
Compiling .pio\build\lilygo-t-embed-cc1101\src\core\vig_ux.cpp.o
Compiling .pio\build\lilygo-t-embed-cc1101\src\core\wifi\webInterface.cpp.o
Compiling .pio\build\lilygo-t-embed-cc1101\src\core\wifi\wg.cpp.o
Compiling .pio\build\lilygo-t-embed-cc1101\src\core\wifi\wifi_common.cpp.o
Compiling .pio\build\lilygo-t-embed-cc1101\src\core\wifi\wifi_mac.cpp.o
Compiling .pio\build\lilygo-t-embed-cc1101\src\main.cpp.o
Compiling .pio\build\lilygo-t-embed-cc1101\src\modules\NRF24\nrf_common.cpp.o
Compiling .pio\build\lilygo-t-embed-cc1101\src\modules\NRF24\nrf_jammer.cpp.o
Compiling .pio\build\lilygo-t-embed-cc1101\src\modules\NRF24\nrf_jammer_api.cpp.o
Compiling .pio\build\lilygo-t-embed-cc1101\src\modules\NRF24\nrf_mousejack.cpp.o
Compiling .pio\build\lilygo-t-embed-cc1101\src\modules\NRF24\nrf_spectrum.cpp.o
Compiling .pio\build\lilygo-t-embed-cc1101\src\modules\badusb_ble\ducky_typer.cpp.o
Compiling .pio\build\lilygo-t-embed-cc1101\src\modules\bjs_interpreter\audio_js.cpp.o
Compiling .pio\build\lilygo-t-embed-cc1101\src\modules\bjs_interpreter\badusb_js.cpp.o
Compiling .pio\build\lilygo-t-embed-cc1101\src\modules\bjs_interpreter\ble_js.cpp.o
Compiling .pio\build\lilygo-t-embed-cc1101\src\modules\bjs_interpreter\buffer_js.cpp.o
Compiling .pio\build\lilygo-t-embed-cc1101\src\modules\bjs_interpreter\device_js.cpp.o
Compiling .pio\build\lilygo-t-embed-cc1101\src\modules\bjs_interpreter\dialog_js.cpp.o
Compiling .pio\build\lilygo-t-embed-cc1101\src\modules\bjs_interpreter\display_js.cpp.o
Compiling .pio\build\lilygo-t-embed-cc1101\src\modules\bjs_interpreter\globals_js.cpp.o
Compiling .pio\build\lilygo-t-embed-cc1101\src\modules\bjs_interpreter\gpio_js.cpp.o
Compiling .pio\build\lilygo-t-embed-cc1101\src\modules\bjs_interpreter\helpers_js.cpp.o
Compiling .pio\build\lilygo-t-embed-cc1101\src\modules\bjs_interpreter\i2c_js.cpp.o
Compiling .pio\build\lilygo-t-embed-cc1101\src\modules\bjs_interpreter\interpreter.cpp.o
Compiling .pio\build\lilygo-t-embed-cc1101\src\modules\bjs_interpreter\ir_js.cpp.o
Compiling .pio\build\lilygo-t-embed-cc1101\src\modules\bjs_interpreter\keyboard_js.cpp.o
Compiling .pio\build\lilygo-t-embed-cc1101\src\modules\bjs_interpreter\led_js.cpp.o
Compiling .pio\build\lilygo-t-embed-cc1101\src\modules\bjs_interpreter\math_js.cpp.o
Compiling .pio\build\lilygo-t-embed-cc1101\src\modules\bjs_interpreter\menu_js.cpp.o
Compiling .pio\build\lilygo-t-embed-cc1101\src\modules\bjs_interpreter\mic_js.cpp.o
Compiling .pio\build\lilygo-t-embed-cc1101\src\modules\bjs_interpreter\notification_js.cpp.o
Compiling .pio\build\lilygo-t-embed-cc1101\src\modules\bjs_interpreter\nrf24_js.cpp.o
Compiling .pio\build\lilygo-t-embed-cc1101\src\modules\bjs_interpreter\rfid_js.cpp.o
Compiling .pio\build\lilygo-t-embed-cc1101\src\modules\bjs_interpreter\runtime_js.cpp.o
Compiling .pio\build\lilygo-t-embed-cc1101\src\modules\bjs_interpreter\serial_js.cpp.o
Compiling .pio\build\lilygo-t-embed-cc1101\src\modules\bjs_interpreter\storage_js.cpp.o
Compiling .pio\build\lilygo-t-embed-cc1101\src\modules\bjs_interpreter\subghz_js.cpp.o
Compiling .pio\build\lilygo-t-embed-cc1101\src\modules\bjs_interpreter\wifi_js.cpp.o
Compiling .pio\build\lilygo-t-embed-cc1101\src\modules\ble\BLE_Suite.cpp.o
Compiling .pio\build\lilygo-t-embed-cc1101\src\modules\ble\HFP_Exploit.cpp.o
Compiling .pio\build\lilygo-t-embed-cc1101\src\modules\ble\ble_common.cpp.o
Compiling .pio\build\lilygo-t-embed-cc1101\src\modules\ble\ble_ninebot.cpp.o
Compiling .pio\build\lilygo-t-embed-cc1101\src\modules\ble\ble_sniffer.cpp.o
Compiling .pio\build\lilygo-t-embed-cc1101\src\modules\ble\ble_spam.cpp.o
Compiling .pio\build\lilygo-t-embed-cc1101\src\modules\ble\ble_watch.cpp.o
Compiling .pio\build\lilygo-t-embed-cc1101\src\modules\ble\fastpair_crypto.cpp.o
Compiling .pio\build\lilygo-t-embed-cc1101\src\modules\ble_api\ble_api.cpp.o
Compiling .pio\build\lilygo-t-embed-cc1101\src\modules\ble_api\services\BLESerialService.cpp.o
Compiling .pio\build\lilygo-t-embed-cc1101\src\modules\ble_api\services\BatteryService.cpp.o
Compiling .pio\build\lilygo-t-embed-cc1101\src\modules\ethernet\ARPScanner.cpp.o
Compiling .pio\build\lilygo-t-embed-cc1101\src\modules\ethernet\ARPSpoofer.cpp.o
Compiling .pio\build\lilygo-t-embed-cc1101\src\modules\ethernet\ARPoisoner.cpp.o
Compiling .pio\build\lilygo-t-embed-cc1101\src\modules\ethernet\DHCPStarvation.cpp.o
Compiling .pio\build\lilygo-t-embed-cc1101\src\modules\ethernet\ESPNetifEthernetClient.cpp.o
Compiling .pio\build\lilygo-t-embed-cc1101\src\modules\ethernet\EthernetHelper.cpp.o
Compiling .pio\build\lilygo-t-embed-cc1101\src\modules\ethernet\HostInfo.cpp.o
Compiling .pio\build\lilygo-t-embed-cc1101\src\modules\ethernet\MACFlooding.cpp.o
Compiling .pio\build\lilygo-t-embed-cc1101\src\modules\fm\fm.cpp.o
Compiling .pio\build\lilygo-t-embed-cc1101\src\modules\gps\gps_tracker.cpp.o
Compiling .pio\build\lilygo-t-embed-cc1101\src\modules\gps\wardriving.cpp.o
Compiling .pio\build\lilygo-t-embed-cc1101\src\modules\gps\wardriving_plus.cpp.o
src/modules/ble_api/services/BLESerialService.cpp: In member function 'virtual void 
BLESerialService::setup(NimBLEServer*)':
src/modules/ble_api/services/BLESerialService.cpp:29:20: warning: 'bool NimBLEService::start()' is deprecated: 
NimBLEService::start() has no effect. Services are started when the server is started. [-Wdeprecated-declarations]
   29 |     pService->start();
      |     ~~~~~~~~~~~~~~~^~
In file included from .pio/libdeps/lilygo-t-embed-cc1101/NimBLE-Arduino/src/NimBLEDevice.h:299,
                 from src/modules/ble/ble_common.h:6,
                 from src/modules/ble_api/services/BLESerialService.cpp:3:
.pio/libdeps/lilygo-t-embed-cc1101/NimBLE-Arduino/src/NimBLEService.h:51:10: note: declared here
   51 |     bool start() { return true; }
      |          ^~~~~
Compiling .pio\build\lilygo-t-embed-cc1101\src\modules\gps\wdgwars.cpp.o
src/modules/ble_api/services/BatteryService.cpp: In member function 'virtual void 
BatteryService::setup(NimBLEServer*)':
src/modules/ble_api/services/BatteryService.cpp:35:20: warning: 'bool NimBLEService::start()' is deprecated: 
NimBLEService::start() has no effect. Services are started when the server is started. [-Wdeprecated-declarations]
   35 |     pService->start();
      |     ~~~~~~~~~~~~~~~^~
In file included from .pio/libdeps/lilygo-t-embed-cc1101/NimBLE-Arduino/src/NimBLEDevice.h:299,
                 from src/modules/ble_api/services/BatteryService.cpp:4:
.pio/libdeps/lilygo-t-embed-cc1101/NimBLE-Arduino/src/NimBLEService.h:51:10: note: declared here
   51 |     bool start() { return true; }
      |          ^~~~~
Compiling .pio\build\lilygo-t-embed-cc1101\src\modules\gps\wigle.cpp.o
Compiling .pio\build\lilygo-t-embed-cc1101\src\modules\ir\TV-B-Gone.cpp.o
Compiling .pio\build\lilygo-t-embed-cc1101\src\modules\ir\custom_ir.cpp.o
Compiling .pio\build\lilygo-t-embed-cc1101\src\modules\ir\ir_ghost.cpp.o
Compiling .pio\build\lilygo-t-embed-cc1101\src\modules\ir\ir_jammer.cpp.o
Compiling .pio\build\lilygo-t-embed-cc1101\src\modules\ir\ir_read.cpp.o
Compiling .pio\build\lilygo-t-embed-cc1101\src\modules\ir\ir_utils.cpp.o
Compiling .pio\build\lilygo-t-embed-cc1101\src\modules\lora\LoRaRF.cpp.o
Compiling .pio\build\lilygo-t-embed-cc1101\src\modules\others\audio.cpp.o
Compiling .pio\build\lilygo-t-embed-cc1101\src\modules\others\audio_player.cpp.o
Compiling .pio\build\lilygo-t-embed-cc1101\src\modules\others\clicker.cpp.o
Compiling .pio\build\lilygo-t-embed-cc1101\src\modules\others\ibutton.cpp.o
Compiling .pio\build\lilygo-t-embed-cc1101\src\modules\others\mic.cpp.o
Compiling .pio\build\lilygo-t-embed-cc1101\src\modules\others\qrcode_menu.cpp.o
Compiling .pio\build\lilygo-t-embed-cc1101\src\modules\others\swarm.cpp.o
Compiling .pio\build\lilygo-t-embed-cc1101\src\modules\others\timeline.cpp.o
Compiling .pio\build\lilygo-t-embed-cc1101\src\modules\others\timer.cpp.o
Compiling .pio\build\lilygo-t-embed-cc1101\src\modules\others\tururururu.cpp.o
Compiling .pio\build\lilygo-t-embed-cc1101\src\modules\others\u2f.cpp.o
Compiling .pio\build\lilygo-t-embed-cc1101\src\modules\pwnagotchi\mood.cpp.o
In file included from src/modules/lora/LoRaRF.cpp:10:
.pio/libdeps/lilygo-t-embed-cc1101/RadioLib/src/RadioLib.h:67:4: warning: #warning "Use of USB CDC for debug output is 
not recommended (might stop on first sleep). Use hardware UART instead." [-Wcpp]
   67 |   #warning "Use of USB CDC for debug output is not recommended (might stop on first sleep). Use hardware UART 
instead."
      |    ^~~~~~~
Compiling .pio\build\lilygo-t-embed-cc1101\src\modules\pwnagotchi\pwnagotchi.cpp.o
Compiling .pio\build\lilygo-t-embed-cc1101\src\modules\pwnagotchi\pwngrid.cpp.o
Compiling .pio\build\lilygo-t-embed-cc1101\src\modules\pwnagotchi\spam.cpp.o
Compiling .pio\build\lilygo-t-embed-cc1101\src\modules\pwnagotchi\ui.cpp.o
In file included from lib/HAL/display/tftespi.h:5,
                 from lib/HAL/display/tft.h:14,
                 from include/../lib/TFT_eSPI_QRcode/src/qrcode.h:1,
                 from src/modules/others/qrcode_menu.cpp:2:
lib/TFT_eSPI/TFT_eSPI.h:1029:2: warning: #warning >>>>------>> TOUCH_CS pin not defined, TFT_eSPI touch functions will 
not be available! [-Wcpp]
 1029 | #warning >>>>------>> TOUCH_CS pin not defined, TFT_eSPI touch functions will not be available!
      |  ^~~~~~~
Compiling .pio\build\lilygo-t-embed-cc1101\src\modules\reverseShell\reverseShell.cpp.o
Compiling .pio\build\lilygo-t-embed-cc1101\src\modules\rf\emit.cpp.o
Compiling .pio\build\lilygo-t-embed-cc1101\src\modules\rf\protocols\rf_came_atomo.cpp.o
Compiling .pio\build\lilygo-t-embed-cc1101\src\modules\rf\protocols\rf_decoder.cpp.o
Compiling .pio\build\lilygo-t-embed-cc1101\src\modules\rf\protocols\rf_encoder.cpp.o
Compiling .pio\build\lilygo-t-embed-cc1101\src\modules\rf\protocols\rf_faac.cpp.o
Compiling .pio\build\lilygo-t-embed-cc1101\src\modules\rf\protocols\rf_hormann.cpp.o
src/modules/others/swarm.cpp: In function 'void swarm_setup()':
src/modules/others/swarm.cpp:813:19: warning: using value of assignment with 'volatile'-qualified left operand is 
deprecated [-Wvolatile]
  813 |     qHead = qTail = 0;
      |             ~~~~~~^~~
Compiling .pio\build\lilygo-t-embed-cc1101\src\modules\rf\protocols\rf_keeloq.cpp.o
Compiling .pio\build\lilygo-t-embed-cc1101\src\modules\rf\protocols\rf_legacy_migrate.cpp.o
Compiling .pio\build\lilygo-t-embed-cc1101\src\modules\rf\protocols\rf_presets.cpp.o
Compiling .pio\build\lilygo-t-embed-cc1101\src\modules\rf\protocols\rf_registry.cpp.o
Compiling .pio\build\lilygo-t-embed-cc1101\src\modules\rf\protocols\rf_somfy.cpp.o
Compiling .pio\build\lilygo-t-embed-cc1101\src\modules\rf\protocols\rf_weather.cpp.o
Compiling .pio\build\lilygo-t-embed-cc1101\src\modules\rf\record.cpp.o
Compiling .pio\build\lilygo-t-embed-cc1101\src\modules\rf\rf_bruteforce.cpp.o
Compiling .pio\build\lilygo-t-embed-cc1101\src\modules\rf\rf_census.cpp.o
Compiling .pio\build\lilygo-t-embed-cc1101\src\modules\rf\rf_jammer.cpp.o
src/modules/reverseShell/reverseShell.cpp: In lambda function:
src/modules/reverseShell/reverseShell.cpp:22:16: warning: enumeration value 'WS_EVT_PING' not handled in switch 
[-Wswitch]
   22 |         switch (type) {
      |                ^
src/modules/reverseShell/reverseShell.cpp:22:16: warning: enumeration value 'WS_EVT_PONG' not handled in switch 
[-Wswitch]
Compiling .pio\build\lilygo-t-embed-cc1101\src\modules\rf\rf_listen.cpp.o
Compiling .pio\build\lilygo-t-embed-cc1101\src\modules\rf\rf_scan.cpp.o
Compiling .pio\build\lilygo-t-embed-cc1101\src\modules\rf\rf_send.cpp.o
Compiling .pio\build\lilygo-t-embed-cc1101\src\modules\rf\rf_spectrum.cpp.o
Compiling .pio\build\lilygo-t-embed-cc1101\src\modules\rf\rf_testgen.cpp.o
Compiling .pio\build\lilygo-t-embed-cc1101\src\modules\rf\rf_utils.cpp.o
Compiling .pio\build\lilygo-t-embed-cc1101\src\modules\rf\rf_waterfall.cpp.o
Compiling .pio\build\lilygo-t-embed-cc1101\src\modules\rf\save.cpp.o
Compiling .pio\build\lilygo-t-embed-cc1101\src\modules\rfid\PN532.cpp.o
Compiling .pio\build\lilygo-t-embed-cc1101\src\modules\rfid\PN532KillerTools.cpp.o
Compiling .pio\build\lilygo-t-embed-cc1101\src\modules\rfid\RFID2.cpp.o
Compiling .pio\build\lilygo-t-embed-cc1101\src\modules\rfid\RFIDInterface.cpp.o
Compiling .pio\build\lilygo-t-embed-cc1101\src\modules\rfid\ST25R3916.cpp.o
Compiling .pio\build\lilygo-t-embed-cc1101\src\modules\rfid\amiibo.cpp.o
Compiling .pio\build\lilygo-t-embed-cc1101\src\modules\rfid\apdu.cpp.o
Compiling .pio\build\lilygo-t-embed-cc1101\src\modules\rfid\chameleon.cpp.o
Compiling .pio\build\lilygo-t-embed-cc1101\src\modules\rfid\crypto1.cpp.o
Compiling .pio\build\lilygo-t-embed-cc1101\src\modules\rfid\emv_reader.cpp.o
Compiling .pio\build\lilygo-t-embed-cc1101\src\modules\rfid\pn532ble.cpp.o
Compiling .pio\build\lilygo-t-embed-cc1101\src\modules\rfid\rfid125.cpp.o
src/modules/rfid/PN532.cpp: In member function 'virtual int PN532::emulate()':
src/modules/rfid/PN532.cpp:696:18: warning: suggest braces around empty body in an 'if' statement [-Wempty-body]
  696 |                 );
      |                  ^
Compiling .pio\build\lilygo-t-embed-cc1101\src\modules\rfid\srix_tool.cpp.o
Compiling .pio\build\lilygo-t-embed-cc1101\src\modules\rfid\tag_o_matic.cpp.o
Compiling .pio\build\lilygo-t-embed-cc1101\src\modules\wifi\ap_info.cpp.o
Compiling .pio\build\lilygo-t-embed-cc1101\src\modules\wifi\bug_sweep.cpp.o
Compiling .pio\build\lilygo-t-embed-cc1101\src\modules\wifi\channel_analyzer.cpp.o
Compiling .pio\build\lilygo-t-embed-cc1101\src\modules\wifi\clients.cpp.o
Compiling .pio\build\lilygo-t-embed-cc1101\src\modules\wifi\deauther.cpp.o
src/modules/rfid/PN532KillerTools.cpp: In member function 'bool PN532KillerTools::enableBleDataTransfer()':
src/modules/rfid/PN532KillerTools.cpp:770:20: warning: 'bool NimBLEService::start()' is deprecated: 
NimBLEService::start() has no effect. Services are started when the server is started. [-Wdeprecated-declarations]
  770 |     pService->start();
      |     ~~~~~~~~~~~~~~~^~
In file included from .pio/libdeps/lilygo-t-embed-cc1101/NimBLE-Arduino/src/NimBLEDevice.h:299,
                 from src/modules/rfid/PN532KillerTools.cpp:14:
.pio/libdeps/lilygo-t-embed-cc1101/NimBLE-Arduino/src/NimBLEService.h:51:10: note: declared here
   51 |     bool start() { return true; }
      |          ^~~~~
Compiling .pio\build\lilygo-t-embed-cc1101\src\modules\wifi\evil_portal.cpp.o
Compiling .pio\build\lilygo-t-embed-cc1101\src\modules\wifi\hunt_mode.cpp.o
Compiling .pio\build\lilygo-t-embed-cc1101\src\modules\wifi\jam_detect.cpp.o
src/modules/rfid/ST25R3916.cpp: In member function 'int ST25R3916::_handleListenLoop(uint32_t)':
src/modules/rfid/ST25R3916.cpp:1204:30: warning: comparison is always true due to limited range of data type 
[-Wtype-limits]
 1204 |                     if (addr < 256) {
      |                         ~~~~~^~~~~
src/modules/rfid/ST25R3916.cpp: At global scope:
src/modules/rfid/ST25R3916.cpp:25:20: warning: 'const char* _stateStr(rfalNfcState)' defined but not used 
[-Wunused-function]
   25 | static const char *_stateStr(rfalNfcState st) {
      |                    ^~~~~~~~~
Compiling .pio\build\lilygo-t-embed-cc1101\src\modules\wifi\karma_attack.cpp.o
Compiling .pio\build\lilygo-t-embed-cc1101\src\modules\wifi\netcut.cpp.o
Compiling .pio\build\lilygo-t-embed-cc1101\src\modules\wifi\responder.cpp.o
Compiling .pio\build\lilygo-t-embed-cc1101\src\modules\wifi\sniffer.cpp.o
Compiling .pio\build\lilygo-t-embed-cc1101\src\modules\wifi\socks4_proxy.cpp.o
Compiling .pio\build\lilygo-t-embed-cc1101\src\modules\wifi\tcp_utils.cpp.o
src/modules/wifi/channel_analyzer.cpp: In function 'void ca_rx_cb(void*, wifi_promiscuous_pkt_type_t)':
src/modules/wifi/channel_analyzer.cpp:32:5: warning: '++' expression of 'volatile'-qualified type is deprecated 
[-Wvolatile]
   32 |     ca_pkts++;
      |     ^~~~~~~
Compiling .pio\build\lilygo-t-embed-cc1101\src\modules\wifi\watch_mode.cpp.o
Compiling .pio\build\lilygo-t-embed-cc1101\src\modules\wifi\wifi_atks.cpp.o
src/modules/wifi/clients.cpp:443:6: warning: 'void {anonymous}::clearTerminalPendingState()' defined but not used 
[-Wunused-function]
  443 | void clearTerminalPendingState() {
      |      ^~~~~~~~~~~~~~~~~~~~~~~~~
src/modules/wifi/clients.cpp:439:6: warning: 'void {anonymous}::setPendingEchoSuppression(const String&)' defined but 
not used [-Wunused-function]
  439 | void setPendingEchoSuppression(const String &input) {
      |      ^~~~~~~~~~~~~~~~~~~~~~~~~
src/modules/wifi/clients.cpp:418:8: warning: 'String {anonymous}::getBufferedCommandInput()' defined but not used 
[-Wunused-function]
  418 | String getBufferedCommandInput() {
      |        ^~~~~~~~~~~~~~~~~~~~~~~
Compiling .pio\build\lilygo-t-embed-cc1101\src\modules\wifi\wifi_map.cpp.o
Compiling .pio\build\lilygo-t-embed-cc1101\src\modules\wifi\wifi_recover.cpp.o
Building .pio\build\lilygo-t-embed-cc1101\bootloader.bin
Generating partitions .pio\build\lilygo-t-embed-cc1101\partitions.bin
esptool v5.3.0
Creating ESP32-S3 image...
Merged 2 ELF sections.
Successfully created ESP32-S3 image.
Compiling .pio\build\lilygo-t-embed-cc1101\FrameworkArduino\ColorFormat.c.o
Compiling .pio\build\lilygo-t-embed-cc1101\FrameworkArduino\Esp.cpp.o
Compiling .pio\build\lilygo-t-embed-cc1101\FrameworkArduino\FirmwareMSC.cpp.o
src/modules/wifi/jam_detect.cpp: In function 'void jd_rx_cb(void*, wifi_promiscuous_pkt_type_t)':
src/modules/wifi/jam_detect.cpp:36:5: warning: '++' expression of 'volatile'-qualified type is deprecated [-Wvolatile]
   36 |     jd_total++;
      |     ^~~~~~~~
src/modules/wifi/jam_detect.cpp:42:58: warning: '++' expression of 'volatile'-qualified type is deprecated [-Wvolatile]
   42 |     if (ftype == 0x00 && (fsub == 0x0C || fsub == 0x0A)) jd_deauth++;
      |                                                          ^~~~~~~~~
Compiling .pio\build\lilygo-t-embed-cc1101\FrameworkArduino\FunctionalInterrupt.cpp.o
Compiling .pio\build\lilygo-t-embed-cc1101\FrameworkArduino\HEXBuilder.cpp.o
Compiling .pio\build\lilygo-t-embed-cc1101\FrameworkArduino\HWCDC.cpp.o
Compiling .pio\build\lilygo-t-embed-cc1101\FrameworkArduino\HardwareSerial.cpp.o
Compiling .pio\build\lilygo-t-embed-cc1101\FrameworkArduino\HashBuilder.cpp.o
Compiling .pio\build\lilygo-t-embed-cc1101\FrameworkArduino\IPAddress.cpp.o
src/modules/wifi/karma_attack.cpp: In function 'void karma_setup()':
src/modules/wifi/karma_attack.cpp:2659:37: warning: unsigned conversion from 'int' to 'uint16_t' {aka 'short unsigned 
int'} changes value from '180000' to '48928' [-Woverflow]
 2659 |     attackConfig.highTierDuration = 180000;
      |                                     ^~~~~~
src/modules/wifi/karma_attack.cpp:2665:37: warning: unsigned conversion from 'int' to 'uint16_t' {aka 'short unsigned 
int'} changes value from '180000' to '48928' [-Woverflow]
 2665 |     attackConfig.extendedDuration = 180000;
      |                                     ^~~~~~
Compiling .pio\build\lilygo-t-embed-cc1101\FrameworkArduino\MD5Builder.cpp.o
Compiling .pio\build\lilygo-t-embed-cc1101\FrameworkArduino\MacAddress.cpp.o
Compiling .pio\build\lilygo-t-embed-cc1101\FrameworkArduino\Print.cpp.o
Compiling .pio\build\lilygo-t-embed-cc1101\FrameworkArduino\Stream.cpp.o
Compiling .pio\build\lilygo-t-embed-cc1101\FrameworkArduino\StreamString.cpp.o
Compiling .pio\build\lilygo-t-embed-cc1101\FrameworkArduino\StringUtils.cpp.o
Compiling .pio\build\lilygo-t-embed-cc1101\FrameworkArduino\Tone.cpp.o
Compiling .pio\build\lilygo-t-embed-cc1101\FrameworkArduino\USB.cpp.o
Compiling .pio\build\lilygo-t-embed-cc1101\FrameworkArduino\USBCDC.cpp.o
Compiling .pio\build\lilygo-t-embed-cc1101\FrameworkArduino\USBMSC.cpp.o
Compiling .pio\build\lilygo-t-embed-cc1101\FrameworkArduino\WMath.cpp.o
src/modules/wifi/watch_mode.cpp: In function 'void wm_rx_cb(void*, wifi_promiscuous_pkt_type_t)':
src/modules/wifi/watch_mode.cpp:59:9: warning: '++' expression of 'volatile'-qualified type is deprecated [-Wvolatile]
   59 |         wm_deauth++;
      |         ^~~~~~~~~
src/modules/wifi/watch_mode.cpp: In function 'void watch_mode_setup()':
src/modules/wifi/watch_mode.cpp:291:23: warning: using value of assignment with 'volatile'-qualified left operand is 
deprecated [-Wvolatile]
  291 |     wm_head = wm_tail = 0;
      |               ~~~~~~~~^~~
Compiling .pio\build\lilygo-t-embed-cc1101\FrameworkArduino\WString.cpp.o
src/modules/wifi/wifi_recover.cpp:611:1: warning: 'always_inline' function might not be inlinable unless also declared 
'inline' [-Wattributes]
  611 | hmac_sha1_20w(const HmacSha1Pre &pre, const uint32_t data[5], uint32_t out[5]) {
      | ^~~~~~~~~~~~~
src/modules/wifi/wifi_recover.cpp:591:1: warning: 'always_inline' function might not be inlinable unless also declared 
'inline' [-Wattributes]
  591 | hmac_sha1_20(const HmacSha1Pre &pre, const uint8_t data[20], uint8_t out[20]) {
      | ^~~~~~~~~~~~
src/modules/wifi/wifi_recover.cpp:478:1: warning: 'always_inline' function might not be inlinable unless also declared 
'inline' [-Wattributes]
  478 | sha1_transform_20w(uint32_t state[5], const uint32_t words[5]) {
      | ^~~~~~~~~~~~~~~~~~
src/modules/wifi/wifi_recover.cpp:444:1: warning: 'always_inline' function might not be inlinable unless also declared 
'inline' [-Wattributes]
  444 | sha1_transform_20b(uint32_t state[5], const uint8_t data[20]) {
      | ^~~~~~~~~~~~~~~~~~
src/modules/wifi/wifi_recover.cpp:591:1: warning: 'void hmac_sha1_20(const HmacSha1Pre&, const uint8_t*, uint8_t*)' 
defined but not used [-Wunused-function]
  591 | hmac_sha1_20(const HmacSha1Pre &pre, const uint8_t data[20], uint8_t out[20]) {
      | ^~~~~~~~~~~~
Compiling .pio\build\lilygo-t-embed-cc1101\FrameworkArduino\base64.cpp.o
Compiling .pio\build\lilygo-t-embed-cc1101\FrameworkArduino\cbuf.cpp.o
Compiling .pio\build\lilygo-t-embed-cc1101\FrameworkArduino\chip-debug-report.cpp.o
Compiling .pio\build\lilygo-t-embed-cc1101\FrameworkArduino\esp32-hal-adc.c.o
Compiling .pio\build\lilygo-t-embed-cc1101\FrameworkArduino\esp32-hal-bt.c.o
Compiling .pio\build\lilygo-t-embed-cc1101\FrameworkArduino\esp32-hal-cpu.c.o
Compiling .pio\build\lilygo-t-embed-cc1101\FrameworkArduino\esp32-hal-dac.c.o
Compiling .pio\build\lilygo-t-embed-cc1101\FrameworkArduino\esp32-hal-gpio.c.o
Compiling .pio\build\lilygo-t-embed-cc1101\FrameworkArduino\esp32-hal-hosted.c.o
Compiling .pio\build\lilygo-t-embed-cc1101\FrameworkArduino\esp32-hal-i2c-ng.c.o
Compiling .pio\build\lilygo-t-embed-cc1101\FrameworkArduino\esp32-hal-i2c-slave.c.o
Compiling .pio\build\lilygo-t-embed-cc1101\FrameworkArduino\esp32-hal-i2c.c.o
Compiling .pio\build\lilygo-t-embed-cc1101\FrameworkArduino\esp32-hal-ldo.c.o
Compiling .pio\build\lilygo-t-embed-cc1101\FrameworkArduino\esp32-hal-ledc.c.o
Compiling .pio\build\lilygo-t-embed-cc1101\FrameworkArduino\esp32-hal-log-wrapper.c.o
Compiling .pio\build\lilygo-t-embed-cc1101\FrameworkArduino\esp32-hal-matrix.c.o
Compiling .pio\build\lilygo-t-embed-cc1101\FrameworkArduino\esp32-hal-misc.c.o
Compiling .pio\build\lilygo-t-embed-cc1101\FrameworkArduino\esp32-hal-periman.c.o
Compiling .pio\build\lilygo-t-embed-cc1101\FrameworkArduino\esp32-hal-psram.c.o
Compiling .pio\build\lilygo-t-embed-cc1101\FrameworkArduino\esp32-hal-rgb-led.c.o
Compiling .pio\build\lilygo-t-embed-cc1101\FrameworkArduino\esp32-hal-rmt.c.o
Compiling .pio\build\lilygo-t-embed-cc1101\FrameworkArduino\esp32-hal-sigmadelta.c.o
Compiling .pio\build\lilygo-t-embed-cc1101\FrameworkArduino\esp32-hal-spi.c.o
Compiling .pio\build\lilygo-t-embed-cc1101\FrameworkArduino\esp32-hal-time.c.o
Compiling .pio\build\lilygo-t-embed-cc1101\FrameworkArduino\esp32-hal-timer.c.o
Compiling .pio\build\lilygo-t-embed-cc1101\FrameworkArduino\esp32-hal-tinyusb.c.o
Compiling .pio\build\lilygo-t-embed-cc1101\FrameworkArduino\esp32-hal-touch-ng.c.o
Compiling .pio\build\lilygo-t-embed-cc1101\FrameworkArduino\esp32-hal-touch.c.o
Compiling .pio\build\lilygo-t-embed-cc1101\FrameworkArduino\esp32-hal-uart.c.o
Compiling .pio\build\lilygo-t-embed-cc1101\FrameworkArduino\firmware_msc_fat.c.o
Compiling .pio\build\lilygo-t-embed-cc1101\FrameworkArduino\freertos_stats.cpp.o
Compiling .pio\build\lilygo-t-embed-cc1101\FrameworkArduino\idf_openthread_mpool_wrapper.c.o
Compiling .pio\build\lilygo-t-embed-cc1101\FrameworkArduino\libb64\cdecode.c.o
Compiling .pio\build\lilygo-t-embed-cc1101\FrameworkArduino\libb64\cencode.c.o
Compiling .pio\build\lilygo-t-embed-cc1101\FrameworkArduino\main.cpp.o
Compiling .pio\build\lilygo-t-embed-cc1101\FrameworkArduino\stdlib_noniso.c.o
Compiling .pio\build\lilygo-t-embed-cc1101\FrameworkArduino\wiring_pulse.c.o
Compiling .pio\build\lilygo-t-embed-cc1101\FrameworkArduino\wiring_shift.c.o
Archiving .pio\build\lilygo-t-embed-cc1101\libFrameworkArduino.a
Linking .pio\build\lilygo-t-embed-cc1101\firmware.elf
lib/TFT_eSPI/TFT_eSPI.h:430:7: warning: type 'struct TFT_eSPI' violates the C++ One Definition Rule [-Wodr]
  430 | class TFT_eSPI : public Print {
      |       ^
lib/TFT_eSPI/TFT_eSPI.h:430:7: note: a different type is defined in another translation unit
  430 | class TFT_eSPI : public Print {
      |       ^
lib/TFT_eSPI/Extensions/Smooth_font.h:32:13: note: the first difference of corresponding definitions is field 'gFont'
   32 | fontMetrics gFont = { nullptr, 0, 0, 0, 0, 0, 0, 0 };
      |             ^
lib/TFT_eSPI/Extensions/Touch.h:38:12: note: a field with different name is defined in another translation unit
   38 |   uint16_t touchCalibration_x0 = 300, touchCalibration_x1 = 3600, touchCalibration_y0 = 300, 
touchCalibration_y1 = 3600;
      |            ^
lib/HAL/display/tftespi.h:8:7: warning: type 'struct tft_display' violates the C++ One Definition Rule [-Wodr]
    8 | class tft_display : private TFT_eSPI {
      |       ^
lib/HAL/display/tftespi.h:8:7: note: a type with different bases is defined in another translation unit
    8 | class tft_display : private TFT_eSPI {
      |       ^
lib/TFT_eSPI/Extensions/Sprite.h:8:7: warning: type 'struct TFT_eSprite' violates the C++ One Definition Rule [-Wodr]
    8 | class TFT_eSprite : public TFT_eSPI {
      |       ^
lib/TFT_eSPI/Extensions/Sprite.h:8:7: note: a type with different bases is defined in another translation unit
    8 | class TFT_eSprite : public TFT_eSPI {
      |       ^
include/tftLogger.h:53:7: warning: type 'struct tft_logger' violates the C++ One Definition Rule [-Wodr]
   53 | class tft_logger : public BRUCE_TFT_DRIVER {
      |       ^
include/tftLogger.h:53:7: note: a type with different bases is defined in another translation unit
   53 | class tft_logger : public BRUCE_TFT_DRIVER {
      |       ^
lib/HAL/display/tftespi.h:85:7: warning: type 'struct tft_sprite' violates the C++ One Definition Rule [-Wodr]
   85 | class tft_sprite : private TFT_eSprite {
      |       ^
lib/HAL/display/tftespi.h:85:7: note: a type with different bases is defined in another translation unit
   85 | class tft_sprite : private TFT_eSprite {
      |       ^
include/tftLogger.h:104:10: warning: type of 'fillScreen' does not match original declaration [-Wlto-type-mismatch]
  104 |     void fillScreen(int32_t color);
      |          ^
src/core/tftLogger/tftLogger.cpp:260:6: note: 'fillScreen' was previously declared here
  260 | void tft_logger::fillScreen(int32_t color) {
      |      ^
src/core/tftLogger/tftLogger.cpp:260:6: note: code may be misoptimized unless '-fno-strict-aliasing' is used
include/globals.h:44:19: warning: 'tft' violates the C++ One Definition Rule [-Wodr]
   44 | extern tft_logger tft;
      |                   ^
include/tftLogger.h:53:7: note: type 'struct tft_logger' itself violates the C++ One Definition Rule
   53 | class tft_logger : public BRUCE_TFT_DRIVER {
      |       ^
src/main.cpp:162:12: note: 'tft' was previously declared here
  162 | tft_logger tft = tft_logger(); // Invoke custom library
      |            ^
src/main.cpp:162:12: note: code may be misoptimized unless '-fno-strict-aliasing' is used
lib/HAL/display/tftespi.h:119:10: warning: type of 'drawFastVLine' does not match original declaration 
[-Wlto-type-mismatch]
  119 |     void drawFastVLine(int32_t x, int32_t y, int32_t h, uint32_t color);
      |          ^
lib/HAL/display/tftespi.cpp:48:6: note: 'drawFastVLine' was previously declared here
   48 | void tft_sprite::drawFastVLine(int32_t x, int32_t y, int32_t h, uint32_t color) {
      |      ^
lib/HAL/display/tftespi.cpp:48:6: note: code may be misoptimized unless '-fno-strict-aliasing' is used
lib/HAL/display/tftespi.h:115:10: warning: type of 'fillRect' does not match original declaration [-Wlto-type-mismatch]
  115 |     void fillRect(int32_t x, int32_t y, int32_t w, int32_t h, uint32_t color);
      |          ^
lib/HAL/display/tftespi.cpp:30:6: note: 'fillRect' was previously declared here
   30 | void tft_sprite::fillRect(int32_t x, int32_t y, int32_t w, int32_t h, uint32_t color) {
      |      ^
lib/HAL/display/tftespi.cpp:30:6: note: code may be misoptimized unless '-fno-strict-aliasing' is used
lib/HAL/display/tftespi.h:125:5: warning: type of 'pushImage' does not match original declaration [-Wlto-type-mismatch]
  125 |     pushImage(int32_t x, int32_t y, int32_t w, int32_t h, const uint8_t *data, bool bpp8, uint16_t *cmap);
      |     ^
lib/HAL/display/tftespi.cpp:69:6: note: 'pushImage' was previously declared here
   69 | void tft_sprite::pushImage(
      |      ^
lib/HAL/display/tftespi.cpp:69:6: note: code may be misoptimized unless '-fno-strict-aliasing' is used
lib/HAL/display/tftespi.h:121:10: warning: type of 'pushSprite' does not match original declaration 
[-Wlto-type-mismatch]
  121 |     void pushSprite(int32_t x, int32_t y, uint32_t transparent = TFT_TRANSPARENT);
      |          ^
lib/HAL/display/tftespi.cpp:52:6: note: 'pushSprite' was previously declared here
   52 | void tft_sprite::pushSprite(int32_t x, int32_t y, uint32_t transparent) {
      |      ^
lib/HAL/display/tftespi.cpp:52:6: note: code may be misoptimized unless '-fno-strict-aliasing' is used
lib/HAL/display/tftespi.h:118:10: warning: type of 'fillTriangle' does not match original declaration 
[-Wlto-type-mismatch]
  118 |     void fillTriangle(int32_t x0, int32_t y0, int32_t x1, int32_t y1, int32_t x2, int32_t y2, uint32_t color);
      |          ^
lib/HAL/display/tftespi.cpp:42:6: note: 'fillTriangle' was previously declared here
   42 | void tft_sprite::fillTriangle(
      |      ^
lib/HAL/display/tftespi.cpp:42:6: note: code may be misoptimized unless '-fno-strict-aliasing' is used
lib/HAL/display/tftespi.h:117:10: warning: type of 'fillEllipse' does not match original declaration 
[-Wlto-type-mismatch]
  117 |     void fillEllipse(int16_t x, int16_t y, int32_t rx, int32_t ry, uint16_t color);
      |          ^
lib/HAL/display/tftespi.cpp:38:6: note: 'fillEllipse' was previously declared here
   38 | void tft_sprite::fillEllipse(int16_t x, int16_t y, int32_t rx, int32_t ry, uint16_t color) {
      |      ^
lib/HAL/display/tftespi.cpp:38:6: note: code may be misoptimized unless '-fno-strict-aliasing' is used
lib/HAL/display/tftespi.h:116:10: warning: type of 'fillCircle' does not match original declaration 
[-Wlto-type-mismatch]
  116 |     void fillCircle(int32_t x, int32_t y, int32_t r, uint32_t color);
      |          ^
lib/HAL/display/tftespi.cpp:34:6: note: 'fillCircle' was previously declared here
   34 | void tft_sprite::fillCircle(int32_t x, int32_t y, int32_t r, uint32_t color) {
      |      ^
lib/HAL/display/tftespi.cpp:34:6: note: code may be misoptimized unless '-fno-strict-aliasing' is used
lib/HAL/display/tftespi.h:114:10: warning: type of 'fillScreen' does not match original declaration 
[-Wlto-type-mismatch]
  114 |     void fillScreen(uint32_t color);
      |          ^
lib/HAL/display/tftespi.cpp:28:6: note: 'fillScreen' was previously declared here
   28 | void tft_sprite::fillScreen(uint32_t color) { TFT_eSprite::fillSprite(color); }
      |      ^
lib/HAL/display/tftespi.cpp:28:6: note: code may be misoptimized unless '-fno-strict-aliasing' is used
lib/HAL/display/tftespi.h:112:10: warning: type of 'setColorDepth' does not match original declaration 
[-Wlto-type-mismatch]
  112 |     void setColorDepth(uint8_t depth);
      |          ^
lib/HAL/display/tftespi.cpp:26:6: note: 'setColorDepth' was previously declared here
   26 | void tft_sprite::setColorDepth(uint8_t depth) { TFT_eSprite::setColorDepth(depth); }
      |      ^
lib/HAL/display/tftespi.cpp:26:6: note: code may be misoptimized unless '-fno-strict-aliasing' is used
lib/HAL/display/tftespi.h:111:10: warning: type of 'deleteSprite' does not match original declaration 
[-Wlto-type-mismatch]
  111 |     void deleteSprite();
      |          ^
lib/HAL/display/tftespi.cpp:24:6: note: 'deleteSprite' was previously declared here
   24 | void tft_sprite::deleteSprite() { TFT_eSprite::deleteSprite(); }
      |      ^
lib/HAL/display/tftespi.cpp:24:6: note: code may be misoptimized unless '-fno-strict-aliasing' is used
lib/HAL/display/tftespi.h:110:11: warning: type of 'createSprite' does not match original declaration 
[-Wlto-type-mismatch]
  110 |     void *createSprite(int16_t w, int16_t h, uint8_t frames = 1);
      |           ^
lib/HAL/display/tftespi.cpp:20:7: note: 'createSprite' was previously declared here
   20 | void *tft_sprite::createSprite(int16_t w, int16_t h, uint8_t frames) {
      |       ^
lib/HAL/display/tftespi.cpp:20:7: note: code may be misoptimized unless '-fno-strict-aliasing' is used
lib/HAL/display/tftespi.h:87:14: warning: type of '__ct_comp ' does not match original declaration 
[-Wlto-type-mismatch]
   87 |     explicit tft_sprite(tft_display *parent);
      |              ^
lib/HAL/display/tftespi.cpp:18:1: note: '__ct_comp ' was previously declared here
   18 | tft_sprite::tft_sprite(tft_display *parent) : TFT_eSprite(static_cast<TFT_eSPI *>(parent)) {}
      | ^
lib/HAL/display/tftespi.cpp:18:1: note: code may be misoptimized unless '-fno-strict-aliasing' is used
lib/HAL/display/tftespi.h:82:15: warning: type of 'native' does not match original declaration [-Wlto-type-mismatch]
   82 |     TFT_eSPI *native();
      |               ^
lib/HAL/display/tftespi.cpp:16:11: note: 'native' was previously declared here
   16 | TFT_eSPI *tft_display::native() { return static_cast<TFT_eSPI *>(this); }
      |           ^
lib/HAL/display/tftespi.h:81:13: warning: type of 'getRotation' does not match original declaration 
[-Wlto-type-mismatch]
   81 |     uint8_t getRotation();
      |             ^
lib/HAL/display/tftespi.cpp:14:9: note: 'getRotation' was previously declared here
   14 | uint8_t tft_display::getRotation() { return TFT_eSPI::getRotation(); }
      |         ^
lib/HAL/display/tftespi.cpp:14:9: note: code may be misoptimized unless '-fno-strict-aliasing' is used
lib/HAL/display/tftespi.h:80:13: warning: type of 'getTextSize' does not match original declaration 
[-Wlto-type-mismatch]
   80 |     uint8_t getTextSize() const;
      |             ^
lib/HAL/display/tftespi.h:80:13: warning: type of 'getTextSize' does not match original declaration 
[-Wlto-type-mismatch]
   80 |     uint8_t getTextSize() const;
      |             ^
lib/HAL/display/tftespi.cpp:12:9: note: 'getTextSize' was previously declared here
   12 | uint8_t tft_display::getTextSize() const { return TFT_eSPI::textsize; }
      |         ^
lib/HAL/display/tftespi.cpp:12:9: note: code may be misoptimized unless '-fno-strict-aliasing' is used
lib/HAL/display/tftespi.h:79:14: warning: type of 'getTextBgColor' does not match original declaration 
[-Wlto-type-mismatch]
   79 |     uint32_t getTextBgColor() const;
      |              ^
lib/HAL/display/tftespi.cpp:10:10: note: 'getTextBgColor' was previously declared here
   10 | uint32_t tft_display::getTextBgColor() const { return TFT_eSPI::textbgcolor; }
      |          ^
lib/HAL/display/tftespi.cpp:10:10: note: code may be misoptimized unless '-fno-strict-aliasing' is used
lib/HAL/display/tftespi.h:78:14: warning: type of 'getTextColor' does not match original declaration 
[-Wlto-type-mismatch]
   78 |     uint32_t getTextColor() const;
      |              ^
lib/HAL/display/tftespi.cpp:8:10: note: 'getTextColor' was previously declared here
    8 | uint32_t tft_display::getTextColor() const { return TFT_eSPI::textcolor; }
      |          ^
lib/HAL/display/tftespi.cpp:8:10: note: code may be misoptimized unless '-fno-strict-aliasing' is used
lib/HAL/display/tftespi.h:10:14: warning: type of '__ct_base ' does not match original declaration 
[-Wlto-type-mismatch]
   10 |     explicit tft_display(int16_t _W = TFT_WIDTH, int16_t _H = TFT_HEIGHT);
      |              ^
lib/HAL/display/tftespi.cpp:6:1: note: '__ct_base ' was previously declared here
    6 | tft_display::tft_display(int16_t _W, int16_t _H) : TFT_eSPI(_W, _H) {}
      | ^
lib/HAL/display/tftespi.cpp:6:1: note: code may be misoptimized unless '-fno-strict-aliasing' is used
lib/HAL/display/tftespi.h:88:5: warning: type of '__dt_del ' does not match original declaration [-Wlto-type-mismatch]
   88 |     ~tft_sprite() = default;
      |     ^
lib/HAL/display/tftespi.h:88:5: note: '__dt_del ' was previously declared here
   88 |     ~tft_sprite() = default;
      |     ^
lib/HAL/display/tftespi.h:88:5: note: code may be misoptimized unless '-fno-strict-aliasing' is used
lib/HAL/display/tftespi.h:88:5: warning: type of '__dt_comp ' does not match original declaration [-Wlto-type-mismatch]
   88 |     ~tft_sprite() = default;
      |     ^
lib/HAL/display/tftespi.h:88:5: note: '__dt_comp ' was previously declared here
   88 |     ~tft_sprite() = default;
      |     ^
lib/HAL/display/tftespi.h:88:5: note: code may be misoptimized unless '-fno-strict-aliasing' is used
lib/HAL/display/tftespi.h:88:5: warning: type of '__dt_base ' does not match original declaration [-Wlto-type-mismatch]
   88 |     ~tft_sprite() = default;
      |     ^
lib/HAL/display/tftespi.h:88:5: note: '__dt_base ' was previously declared here
   88 |     ~tft_sprite() = default;
      |     ^
lib/HAL/display/tftespi.h:88:5: note: code may be misoptimized unless '-fno-strict-aliasing' is used
lib/TFT_eSPI/Extensions/Sprite.h:12:12: warning: type of '__ct_comp ' does not match original declaration 
[-Wlto-type-mismatch]
   12 |   explicit TFT_eSprite(TFT_eSPI *tft);
      |            ^
lib/TFT_eSPI/Extensions/Sprite.cpp:17:1: note: '__ct_comp ' was previously declared here
   17 | TFT_eSprite::TFT_eSprite(TFT_eSPI *tft)
      | ^
lib/TFT_eSPI/Extensions/Sprite.cpp:17:1: note: code may be misoptimized unless '-fno-strict-aliasing' is used
lib/TFT_eSPI/Extensions/Sprite.h:13:3: warning: type of '__dt_comp ' does not match original declaration 
[-Wlto-type-mismatch]
   13 |   ~TFT_eSprite(void);
      |   ^
lib/TFT_eSPI/Extensions/Sprite.cpp:139:1: note: '__dt_comp ' was previously declared here
  139 | TFT_eSprite::~TFT_eSprite(void)
      | ^
lib/TFT_eSPI/Extensions/Sprite.cpp:139:1: note: code may be misoptimized unless '-fno-strict-aliasing' is used
lib/TFT_eSPI/Extensions/Sprite.h:13:3: warning: type of '__dt_base ' does not match original declaration 
[-Wlto-type-mismatch]
   13 |   ~TFT_eSprite(void);
      |   ^
lib/TFT_eSPI/Extensions/Sprite.cpp:139:1: note: '__dt_base ' was previously declared here
  139 | TFT_eSprite::~TFT_eSprite(void)
      | ^
lib/TFT_eSPI/Extensions/Sprite.cpp:139:1: note: code may be misoptimized unless '-fno-strict-aliasing' is used
lib/TFT_eSPI/Extensions/Smooth_font.h:15:16: warning: type of 'drawGlyph' does not match original declaration 
[-Wlto-type-mismatch]
   15 |   virtual void drawGlyph(uint16_t code);
      |                ^
lib/TFT_eSPI/Extensions/Smooth_font.cpp:360:6: note: 'drawGlyph' was previously declared here
  360 | void TFT_eSPI::drawGlyph(uint16_t code)
      |      ^
lib/TFT_eSPI/Extensions/Smooth_font.cpp:360:6: note: code may be misoptimized unless '-fno-strict-aliasing' is used
lib/TFT_eSPI/TFT_eSPI.h:701:9: warning: type of 'drawRightString' does not match original declaration 
[-Wlto-type-mismatch]
  701 |         drawRightString(
      |         ^
lib/TFT_eSPI/TFT_eSPI.cpp:5804:9: note: 'drawRightString' was previously declared here
 5804 | int16_t TFT_eSPI::drawRightString(const String& string, int32_t dX, int32_t poY, uint8_t font)
      |         ^
lib/TFT_eSPI/TFT_eSPI.cpp:5804:9: note: code may be misoptimized unless '-fno-strict-aliasing' is used
lib/TFT_eSPI/TFT_eSPI.h:698:9: warning: type of 'drawCentreString' does not match original declaration 
[-Wlto-type-mismatch]
  698 |         drawCentreString(
      |         ^
lib/TFT_eSPI/TFT_eSPI.cpp:5781:9: note: 'drawCentreString' was previously declared here
 5781 | int16_t TFT_eSPI::drawCentreString(const String& string, int32_t dX, int32_t poY, uint8_t font)
      |         ^
lib/TFT_eSPI/TFT_eSPI.cpp:5781:9: note: code may be misoptimized unless '-fno-strict-aliasing' is used
lib/TFT_eSPI/TFT_eSPI.h:692:9: warning: type of 'drawCentreString' does not match original declaration 
[-Wlto-type-mismatch]
  692 |         drawCentreString(
      |         ^
lib/TFT_eSPI/TFT_eSPI.cpp:5789:9: note: 'drawCentreString' was previously declared here
 5789 | int16_t TFT_eSPI::drawCentreString(const char *string, int32_t dX, int32_t poY, uint8_t font)
      |         ^
lib/TFT_eSPI/TFT_eSPI.cpp:5789:9: note: code may be misoptimized unless '-fno-strict-aliasing' is used
lib/TFT_eSPI/TFT_eSPI.h:686:9: warning: type of 'drawString' does not match original declaration [-Wlto-type-mismatch]
  686 |         drawString(const char *string, int32_t x, int32_t y), // Draw string using current font
      |         ^
lib/TFT_eSPI/TFT_eSPI.cpp:5551:9: note: 'drawString' was previously declared here
 5551 | int16_t TFT_eSPI::drawString(const char *string, int32_t poX, int32_t poY)
      |         ^
lib/TFT_eSPI/TFT_eSPI.cpp:5551:9: note: code may be misoptimized unless '-fno-strict-aliasing' is used
lib/TFT_eSPI/TFT_eSPI.h:687:9: warning: type of 'drawString' does not match original declaration [-Wlto-type-mismatch]
  687 |         drawString(
      |         ^
lib/TFT_eSPI/TFT_eSPI.cpp:5542:9: note: 'drawString' was previously declared here
 5542 | int16_t TFT_eSPI::drawString(const String& string, int32_t poX, int32_t poY, uint8_t font)
      |         ^
lib/TFT_eSPI/TFT_eSPI.cpp:5542:9: note: code may be misoptimized unless '-fno-strict-aliasing' is used
lib/TFT_eSPI/TFT_eSPI.h:683:9: warning: type of 'drawString' does not match original declaration [-Wlto-type-mismatch]
  683 |         drawString(
      |         ^
lib/TFT_eSPI/TFT_eSPI.cpp:5557:9: note: 'drawString' was previously declared here
 5557 | int16_t TFT_eSPI::drawString(const char *string, int32_t poX, int32_t poY, uint8_t font)
      |         ^
lib/TFT_eSPI/TFT_eSPI.cpp:5557:9: note: code may be misoptimized unless '-fno-strict-aliasing' is used
lib/TFT_eSPI/TFT_eSPI.h:738:9: warning: type of 'textWidth' does not match original declaration [-Wlto-type-mismatch]
  738 |         textWidth(const char *string),                   // Returns pixel width of string in current font
      |         ^
lib/TFT_eSPI/TFT_eSPI.cpp:3092:9: note: 'textWidth' was previously declared here
 3092 | int16_t TFT_eSPI::textWidth(const char *string)
      |         ^
lib/TFT_eSPI/TFT_eSPI.cpp:3092:9: note: code may be misoptimized unless '-fno-strict-aliasing' is used
lib/TFT_eSPI/TFT_eSPI.h:739:9: warning: type of 'textWidth' does not match original declaration [-Wlto-type-mismatch]
  739 |         textWidth(const String &string, uint8_t font),   // As above for String types
      |         ^
lib/TFT_eSPI/TFT_eSPI.cpp:3084:9: note: 'textWidth' was previously declared here
 3084 | int16_t TFT_eSPI::textWidth(const String& string, uint8_t font)
      |         ^
lib/TFT_eSPI/TFT_eSPI.cpp:3084:9: note: code may be misoptimized unless '-fno-strict-aliasing' is used
lib/TFT_eSPI/TFT_eSPI.h:737:13: warning: type of 'textWidth' does not match original declaration [-Wlto-type-mismatch]
  737 |     int16_t textWidth(const char *string, uint8_t font), // Returns pixel width of string in specified font
      |             ^
lib/TFT_eSPI/TFT_eSPI.cpp:3097:9: note: 'textWidth' was previously declared here
 3097 | int16_t TFT_eSPI::textWidth(const char *string, uint8_t font)
      |         ^
lib/TFT_eSPI/TFT_eSPI.cpp:3097:9: note: code may be misoptimized unless '-fno-strict-aliasing' is used
lib/TFT_eSPI/Extensions/Sprite.h:62:12: warning: type of 'fillSprite' does not match original declaration 
[-Wlto-type-mismatch]
   62 |            fillSprite(uint32_t color),
      |            ^
lib/TFT_eSPI/Extensions/Sprite.cpp:1516:6: note: 'fillSprite' was previously declared here
 1516 | void TFT_eSprite::fillSprite(uint32_t color)
      |      ^
lib/TFT_eSPI/Extensions/Sprite.cpp:1516:6: note: code may be misoptimized unless '-fno-strict-aliasing' is used
lib/TFT_eSPI/Extensions/Sprite.h:123:12: warning: type of 'pushSprite' does not match original declaration 
[-Wlto-type-mismatch]
  123 |   void     pushSprite(int32_t x, int32_t y);
      |            ^
lib/TFT_eSPI/Extensions/Sprite.cpp:659:6: note: 'pushSprite' was previously declared here
  659 | void TFT_eSprite::pushSprite(int32_t x, int32_t y)
      |      ^
lib/TFT_eSPI/Extensions/Sprite.cpp:659:6: note: code may be misoptimized unless '-fno-strict-aliasing' is used
lib/TFT_eSPI/Extensions/Sprite.h:39:12: warning: type of 'setColorDepth' does not match original declaration 
[-Wlto-type-mismatch]
   39 |   void*    setColorDepth(int8_t b);
      |            ^
lib/TFT_eSPI/Extensions/Sprite.cpp:301:7: note: 'setColorDepth' was previously declared here
  301 | void* TFT_eSprite::setColorDepth(int8_t b)
      |       ^
lib/TFT_eSPI/Extensions/Sprite.cpp:301:7: note: code may be misoptimized unless '-fno-strict-aliasing' is used
lib/TFT_eSPI/Extensions/Sprite.h:31:12: warning: type of 'deleteSprite' does not match original declaration 
[-Wlto-type-mismatch]
   31 |   void     deleteSprite(void);
      |            ^
lib/TFT_eSPI/Extensions/Sprite.cpp:373:6: note: 'deleteSprite' was previously declared here
  373 | void TFT_eSprite::deleteSprite(void)
      |      ^
lib/TFT_eSPI/Extensions/Sprite.cpp:373:6: note: code may be misoptimized unless '-fno-strict-aliasing' is used
lib/TFT_eSPI/Extensions/Sprite.h:22:12: warning: type of 'createSprite' does not match original declaration 
[-Wlto-type-mismatch]
   22 |   void*    createSprite(int16_t width, int16_t height, uint8_t frames = 1);
      |            ^
lib/TFT_eSPI/Extensions/Sprite.cpp:51:7: note: 'createSprite' was previously declared here
   51 | void* TFT_eSprite::createSprite(int16_t w, int16_t h, uint8_t frames)
      |       ^
lib/TFT_eSPI/Extensions/Sprite.cpp:51:7: note: code may be misoptimized unless '-fno-strict-aliasing' is used
lib/TFT_eSPI/TFT_eSPI.h:734:9: warning: type of 'setTextFont' does not match original declaration [-Wlto-type-mismatch]
  734 |         setTextFont(uint8_t font);  // Set the font number to use in future
      |         ^
lib/TFT_eSPI/TFT_eSPI.cpp:5986:6: note: 'setTextFont' was previously declared here
 5986 | void TFT_eSPI::setTextFont(uint8_t f)
      |      ^
lib/TFT_eSPI/TFT_eSPI.cpp:5986:6: note: code may be misoptimized unless '-fno-strict-aliasing' is used
lib/TFT_eSPI/TFT_eSPI.h:748:12: warning: type of 'write' does not match original declaration [-Wlto-type-mismatch]
  748 |     size_t write(uint8_t);
      |            ^
lib/TFT_eSPI/TFT_eSPI.cpp:5111:8: note: 'write' was previously declared here
 5111 | size_t TFT_eSPI::write(uint8_t utf8)
      |        ^
lib/TFT_eSPI/TFT_eSPI.cpp:5111:8: note: code may be misoptimized unless '-fno-strict-aliasing' is used
lib/TFT_eSPI/TFT_eSPI.h:475:10: warning: type of 'invertDisplay' does not match original declaration 
[-Wlto-type-mismatch]
  475 |     void invertDisplay(bool i); // Tell TFT to invert all displayed colours
      |          ^
lib/TFT_eSPI/TFT_eSPI.cpp:4862:6: note: 'invertDisplay' was previously declared here
 4862 | void TFT_eSPI::invertDisplay(bool i)
      |      ^
lib/TFT_eSPI/TFT_eSPI.cpp:4862:6: note: code may be misoptimized unless '-fno-strict-aliasing' is used
lib/TFT_eSPI/TFT_eSPI.h:455:22: warning: type of 'readPixel' does not match original declaration [-Wlto-type-mismatch]
  455 |     virtual uint16_t readPixel(int32_t x, int32_t y);
      |                      ^
lib/TFT_eSPI/TFT_eSPI.cpp:1160:10: note: 'readPixel' was previously declared here
 1160 | uint16_t TFT_eSPI::readPixel(int32_t x0, int32_t y0)
      |          ^
lib/TFT_eSPI/TFT_eSPI.cpp:1160:10: note: code may be misoptimized unless '-fno-strict-aliasing' is used
lib/TFT_eSPI/TFT_eSPI.h:776:14: warning: type of 'color565' does not match original declaration [-Wlto-type-mismatch]
  776 |     uint16_t color565(uint8_t red, uint8_t green, uint8_t blue);
      |              ^
lib/TFT_eSPI/TFT_eSPI.cpp:4799:10: note: 'color565' was previously declared here
 4799 | uint16_t TFT_eSPI::color565(uint8_t r, uint8_t g, uint8_t b)
      |          ^
lib/TFT_eSPI/TFT_eSPI.h:526:10: warning: type of 'fillRectHGradient' does not match original declaration 
[-Wlto-type-mismatch]
  526 |     void fillRectHGradient(int16_t x, int16_t y, int16_t w, int16_t h, uint32_t color1, uint32_t color2);
      |          ^
lib/TFT_eSPI/TFT_eSPI.cpp:4761:6: note: 'fillRectHGradient' was previously declared here
 4761 | void TFT_eSPI::fillRectHGradient(int16_t x, int16_t y, int16_t w, int16_t h, uint32_t color1, uint32_t color2)
      |      ^
lib/TFT_eSPI/TFT_eSPI.cpp:4761:6: note: code may be misoptimized unless '-fno-strict-aliasing' is used
lib/TFT_eSPI/TFT_eSPI.h:525:10: warning: type of 'fillRectVGradient' does not match original declaration 
[-Wlto-type-mismatch]
  525 |     void fillRectVGradient(int16_t x, int16_t y, int16_t w, int16_t h, uint32_t color1, uint32_t color2);
      |          ^
lib/TFT_eSPI/TFT_eSPI.cpp:4723:6: note: 'fillRectVGradient' was previously declared here
 4723 | void TFT_eSPI::fillRectVGradient(int16_t x, int16_t y, int16_t w, int16_t h, uint32_t color1, uint32_t color2)
      |      ^
lib/TFT_eSPI/TFT_eSPI.cpp:4723:6: note: code may be misoptimized unless '-fno-strict-aliasing' is used
lib/TFT_eSPI/TFT_eSPI.h:593:10: warning: type of 'drawWideLine' does not match original declaration 
[-Wlto-type-mismatch]
  593 |     void drawWideLine(
      |          ^
lib/TFT_eSPI/TFT_eSPI.cpp:4490:6: note: 'drawWideLine' was previously declared here
 4490 | void TFT_eSPI::drawWideLine(float ax, float ay, float bx, float by, float wd, uint32_t fg_color, uint32_t 
bg_color)
      |      ^
lib/TFT_eSPI/TFT_eSPI.cpp:4490:6: note: code may be misoptimized unless '-fno-strict-aliasing' is used
lib/TFT_eSPI/TFT_eSPI.h:550:10: warning: type of 'drawSmoothArc' does not match original declaration 
[-Wlto-type-mismatch]
  550 |     void drawSmoothArc(
      |          ^
lib/TFT_eSPI/TFT_eSPI.cpp:3995:6: note: 'drawSmoothArc' was previously declared here
 3995 | void TFT_eSPI::drawSmoothArc(int32_t x, int32_t y, int32_t r, int32_t ir, uint32_t startAngle, uint32_t 
endAngle, uint32_t fg_color, uint32_t bg_color, bool roundEnds)
      |      ^
lib/TFT_eSPI/TFT_eSPI.cpp:3995:6: note: code may be misoptimized unless '-fno-strict-aliasing' is used
lib/TFT_eSPI/TFT_eSPI.h:589:10: warning: type of 'drawSpot' does not match original declaration [-Wlto-type-mismatch]
  589 |     void drawSpot(float ax, float ay, float r, uint32_t fg_color, uint32_t bg_color = 0x00FFFFFF);
      |          ^
lib/TFT_eSPI/TFT_eSPI.cpp:4480:6: note: 'drawSpot' was previously declared here
 4480 | void TFT_eSPI::drawSpot(float ax, float ay, float r, uint32_t fg_color, uint32_t bg_color)
      |      ^
lib/TFT_eSPI/TFT_eSPI.cpp:4480:6: note: code may be misoptimized unless '-fno-strict-aliasing' is used
lib/TFT_eSPI/TFT_eSPI.h:582:10: warning: type of 'fillSmoothRoundRect' does not match original declaration 
[-Wlto-type-mismatch]
  582 |     void fillSmoothRoundRect(
      |          ^
lib/TFT_eSPI/TFT_eSPI.cpp:4425:6: note: 'fillSmoothRoundRect' was previously declared here
 4425 | void TFT_eSPI::fillSmoothRoundRect(int32_t x, int32_t y, int32_t w, int32_t h, int32_t r, uint32_t color, 
uint32_t bg_color)
      |      ^
lib/TFT_eSPI/TFT_eSPI.cpp:4425:6: note: code may be misoptimized unless '-fno-strict-aliasing' is used
lib/TFT_eSPI/TFT_eSPI.h:576:10: warning: type of 'drawSmoothRoundRect' does not match original declaration 
[-Wlto-type-mismatch]
  576 |     void drawSmoothRoundRect(
      |          ^
lib/TFT_eSPI/TFT_eSPI.cpp:4332:6: note: 'drawSmoothRoundRect' was previously declared here
 4332 | void TFT_eSPI::drawSmoothRoundRect(int32_t x, int32_t y, int32_t r, int32_t ir, int32_t w, int32_t h, uint32_t 
fg_color, uint32_t bg_color, uint8_t quadrants)
      |      ^
lib/TFT_eSPI/TFT_eSPI.cpp:4332:6: note: code may be misoptimized unless '-fno-strict-aliasing' is used
lib/TFT_eSPI/TFT_eSPI.h:571:10: warning: type of 'fillSmoothCircle' does not match original declaration 
[-Wlto-type-mismatch]
  571 |     void fillSmoothCircle(int32_t x, int32_t y, int32_t r, uint32_t color, uint32_t bg_color = 0x00FFFFFF);
      |          ^
lib/TFT_eSPI/TFT_eSPI.cpp:4269:6: note: 'fillSmoothCircle' was previously declared here
 4269 | void TFT_eSPI::fillSmoothCircle(int32_t x, int32_t y, int32_t r, uint32_t color, uint32_t bg_color)
      |      ^
lib/TFT_eSPI/TFT_eSPI.cpp:4269:6: note: code may be misoptimized unless '-fno-strict-aliasing' is used
lib/TFT_eSPI/TFT_eSPI.h:558:10: warning: type of 'drawArc' does not match original declaration [-Wlto-type-mismatch]
  558 |     void drawArc(
      |          ^
lib/TFT_eSPI/TFT_eSPI.cpp:4089:6: note: 'drawArc' was previously declared here
 4089 | void TFT_eSPI::drawArc(int32_t x, int32_t y, int32_t r, int32_t ir,
      |      ^
lib/TFT_eSPI/TFT_eSPI.cpp:4089:6: note: code may be misoptimized unless '-fno-strict-aliasing' is used
lib/TFT_eSPI/TFT_eSPI.h:742:9: warning: type of 'fontHeight' does not match original declaration [-Wlto-type-mismatch]
  742 |         fontHeight(void);         // Returns pixel height of current font
      |         ^
lib/TFT_eSPI/TFT_eSPI.cpp:3196:9: note: 'fontHeight' was previously declared here
 3196 | int16_t TFT_eSPI::fontHeight(void)
      |         ^
lib/TFT_eSPI/TFT_eSPI.cpp:3196:9: note: code may be misoptimized unless '-fno-strict-aliasing' is used
lib/TFT_eSPI/TFT_eSPI.h:741:9: warning: type of 'fontHeight' does not match original declaration [-Wlto-type-mismatch]
  741 |         fontHeight(int16_t font), // Returns pixel height of specified font
      |         ^
lib/TFT_eSPI/TFT_eSPI.cpp:3180:9: note: 'fontHeight' was previously declared here
 3180 | int16_t TFT_eSPI::fontHeight(int16_t font)
      |         ^
lib/TFT_eSPI/TFT_eSPI.cpp:3180:9: note: code may be misoptimized unless '-fno-strict-aliasing' is used
lib/TFT_eSPI/TFT_eSPI.h:723:13: warning: type of 'getTextDatum' does not match original declaration 
[-Wlto-type-mismatch]
  723 |     uint8_t getTextDatum(void);
      |             ^
lib/TFT_eSPI/TFT_eSPI.cpp:3043:9: note: 'getTextDatum' was previously declared here
 3043 | uint8_t TFT_eSPI::getTextDatum(void)
      |         ^
lib/TFT_eSPI/TFT_eSPI.cpp:3043:9: note: code may be misoptimized unless '-fno-strict-aliasing' is used
lib/TFT_eSPI/TFT_eSPI.h:722:10: warning: type of 'setTextDatum' does not match original declaration 
[-Wlto-type-mismatch]
  722 |     void setTextDatum(uint8_t datum); // Set text datum position (default is top left), see Section 5 above
      |          ^
lib/TFT_eSPI/TFT_eSPI.cpp:3015:6: note: 'setTextDatum' was previously declared here
 3015 | void TFT_eSPI::setTextDatum(uint8_t d)
      |      ^
lib/TFT_eSPI/TFT_eSPI.cpp:3015:6: note: code may be misoptimized unless '-fno-strict-aliasing' is used
lib/TFT_eSPI/TFT_eSPI.h:720:5: warning: type of 'setTextWrap' does not match original declaration [-Wlto-type-mismatch]
  720 |     setTextWrap(bool wrapX, bool wrapY = false); // Turn on/off wrapping of text in TFT width and/or height
      |     ^
lib/TFT_eSPI/TFT_eSPI.cpp:3004:6: note: 'setTextWrap' was previously declared here
 3004 | void TFT_eSPI::setTextWrap(bool wrapX, bool wrapY)
      |      ^
lib/TFT_eSPI/TFT_eSPI.cpp:3004:6: note: code may be misoptimized unless '-fno-strict-aliasing' is used
lib/TFT_eSPI/TFT_eSPI.h:713:9: warning: type of 'setTextColor' does not match original declaration 
[-Wlto-type-mismatch]
  713 |         setTextColor(
      |         ^
lib/TFT_eSPI/TFT_eSPI.cpp:2949:6: note: 'setTextColor' was previously declared here
 2949 | void TFT_eSPI::setTextColor(uint16_t c, uint16_t b, bool bgfill)
      |      ^
lib/TFT_eSPI/TFT_eSPI.cpp:2949:6: note: code may be misoptimized unless '-fno-strict-aliasing' is used
lib/TFT_eSPI/TFT_eSPI.h:712:10: warning: type of 'setTextColor' does not match original declaration 
[-Wlto-type-mismatch]
  712 |     void setTextColor(uint16_t color), // Set character (glyph) color only (background not over-written)
      |          ^
lib/TFT_eSPI/TFT_eSPI.cpp:2934:6: note: 'setTextColor' was previously declared here
 2934 | void TFT_eSPI::setTextColor(uint16_t c)
      |      ^
lib/TFT_eSPI/TFT_eSPI.cpp:2934:6: note: code may be misoptimized unless '-fno-strict-aliasing' is used
lib/TFT_eSPI/TFT_eSPI.h:717:9: warning: type of 'setTextSize' does not match original declaration [-Wlto-type-mismatch]
  717 |         setTextSize(uint8_t size); // Set character size multiplier (this increases pixel size)
      |         ^
lib/TFT_eSPI/TFT_eSPI.cpp:2923:6: note: 'setTextSize' was previously declared here
 2923 | void TFT_eSPI::setTextSize(uint8_t s)
      |      ^
lib/TFT_eSPI/TFT_eSPI.cpp:2923:6: note: code may be misoptimized unless '-fno-strict-aliasing' is used
lib/TFT_eSPI/TFT_eSPI.h:710:9: warning: type of 'getCursorY' does not match original declaration [-Wlto-type-mismatch]
  710 |         getCursorY(void);     // Read current cursor y position
      |         ^
lib/TFT_eSPI/TFT_eSPI.cpp:2913:9: note: 'getCursorY' was previously declared here
 2913 | int16_t TFT_eSPI::getCursorY(void)
      |         ^
lib/TFT_eSPI/TFT_eSPI.cpp:2913:9: note: code may be misoptimized unless '-fno-strict-aliasing' is used
lib/TFT_eSPI/TFT_eSPI.h:709:13: warning: type of 'getCursorX' does not match original declaration [-Wlto-type-mismatch]
  709 |     int16_t getCursorX(void), // Read current cursor x position (moves with tft.print())
      |             ^
lib/TFT_eSPI/TFT_eSPI.cpp:2904:9: note: 'getCursorX' was previously declared here
 2904 | int16_t TFT_eSPI::getCursorX(void)
      |         ^
lib/TFT_eSPI/TFT_eSPI.cpp:2904:9: note: code may be misoptimized unless '-fno-strict-aliasing' is used
lib/TFT_eSPI/TFT_eSPI.h:706:10: warning: type of 'setCursor' does not match original declaration [-Wlto-type-mismatch]
  706 |     void setCursor(int16_t x, int16_t y),              // Set cursor for tft.print()
      |          ^
lib/TFT_eSPI/TFT_eSPI.cpp:2881:6: note: 'setCursor' was previously declared here
 2881 | void TFT_eSPI::setCursor(int16_t x, int16_t y)
      |      ^
lib/TFT_eSPI/TFT_eSPI.cpp:2881:6: note: code may be misoptimized unless '-fno-strict-aliasing' is used
lib/TFT_eSPI/TFT_eSPI.h:616:9: warning: type of 'drawXBitmap' does not match original declaration [-Wlto-type-mismatch]
  616 |         drawXBitmap(
      |         ^
lib/TFT_eSPI/TFT_eSPI.cpp:2857:6: note: 'drawXBitmap' was previously declared here
 2857 | void TFT_eSPI::drawXBitmap(int16_t x, int16_t y, const uint8_t *bitmap, int16_t w, int16_t h, uint16_t color, 
uint16_t bgcolor)
      |      ^
lib/TFT_eSPI/TFT_eSPI.cpp:2857:6: note: code may be misoptimized unless '-fno-strict-aliasing' is used
lib/TFT_eSPI/TFT_eSPI.h:615:9: warning: type of 'drawXBitmap' does not match original declaration [-Wlto-type-mismatch]
  615 |         drawXBitmap(int16_t x, int16_t y, const uint8_t *bitmap, int16_t w, int16_t h, uint16_t fgcolor),
      |         ^
lib/TFT_eSPI/TFT_eSPI.cpp:2833:6: note: 'drawXBitmap' was previously declared here
 2833 | void TFT_eSPI::drawXBitmap(int16_t x, int16_t y, const uint8_t *bitmap, int16_t w, int16_t h, uint16_t color)
      |      ^
lib/TFT_eSPI/TFT_eSPI.cpp:2833:6: note: code may be misoptimized unless '-fno-strict-aliasing' is used
lib/TFT_eSPI/TFT_eSPI.h:538:9: warning: type of 'fillTriangle' does not match original declaration 
[-Wlto-type-mismatch]
  538 |         fillTriangle(int32_t x1, int32_t y1, int32_t x2, int32_t y2, int32_t x3, int32_t y3, uint32_t color);
      |         ^
lib/TFT_eSPI/TFT_eSPI.cpp:2706:6: note: 'fillTriangle' was previously declared here
 2706 | void TFT_eSPI::fillTriangle ( int32_t x0, int32_t y0, int32_t x1, int32_t y1, int32_t x2, int32_t y2, uint32_t 
color)
      |      ^
lib/TFT_eSPI/TFT_eSPI.cpp:2706:6: note: code may be misoptimized unless '-fno-strict-aliasing' is used
lib/TFT_eSPI/TFT_eSPI.h:537:9: warning: type of 'drawTriangle' does not match original declaration 
[-Wlto-type-mismatch]
  537 |         drawTriangle(int32_t x1, int32_t y1, int32_t x2, int32_t y2, int32_t x3, int32_t y3, uint32_t color),
      |         ^
lib/TFT_eSPI/TFT_eSPI.cpp:2687:6: note: 'drawTriangle' was previously declared here
 2687 | void TFT_eSPI::drawTriangle(int32_t x0, int32_t y0, int32_t x1, int32_t y1, int32_t x2, int32_t y2, uint32_t 
color)
      |      ^
lib/TFT_eSPI/TFT_eSPI.cpp:2687:6: note: code may be misoptimized unless '-fno-strict-aliasing' is used
lib/TFT_eSPI/TFT_eSPI.h:523:9: warning: type of 'fillRoundRect' does not match original declaration 
[-Wlto-type-mismatch]
  523 |         fillRoundRect(int32_t x, int32_t y, int32_t w, int32_t h, int32_t radius, uint32_t color);
      |         ^
lib/TFT_eSPI/TFT_eSPI.cpp:2665:6: note: 'fillRoundRect' was previously declared here
 2665 | void TFT_eSPI::fillRoundRect(int32_t x, int32_t y, int32_t w, int32_t h, int32_t r, uint32_t color)
      |      ^
lib/TFT_eSPI/TFT_eSPI.cpp:2665:6: note: code may be misoptimized unless '-fno-strict-aliasing' is used
lib/TFT_eSPI/TFT_eSPI.h:522:9: warning: type of 'drawRoundRect' does not match original declaration 
[-Wlto-type-mismatch]
  522 |         drawRoundRect(int32_t x, int32_t y, int32_t w, int32_t h, int32_t radius, uint32_t color),
      |         ^
lib/TFT_eSPI/TFT_eSPI.cpp:2639:6: note: 'drawRoundRect' was previously declared here
 2639 | void TFT_eSPI::drawRoundRect(int32_t x, int32_t y, int32_t w, int32_t h, int32_t r, uint32_t color)
      |      ^
lib/TFT_eSPI/TFT_eSPI.cpp:2639:6: note: code may be misoptimized unless '-fno-strict-aliasing' is used
lib/TFT_eSPI/TFT_eSPI.h:521:38: warning: type of 'drawRect' does not match original declaration [-Wlto-type-mismatch]
  521 |     void fillScreen(uint32_t color), drawRect(int32_t x, int32_t y, int32_t w, int32_t h, uint32_t color),
      |                                      ^
lib/TFT_eSPI/TFT_eSPI.cpp:2618:6: note: 'drawRect' was previously declared here
 2618 | void TFT_eSPI::drawRect(int32_t x, int32_t y, int32_t w, int32_t h, uint32_t color)
      |      ^
lib/TFT_eSPI/TFT_eSPI.cpp:2618:6: note: code may be misoptimized unless '-fno-strict-aliasing' is used
lib/TFT_eSPI/TFT_eSPI.h:439:10: warning: type of 'init' does not match original declaration [-Wlto-type-mismatch]
  439 |     void init(uint8_t tc = TAB_COLOUR), begin(uint8_t tc = TAB_COLOUR);
      |          ^
lib/TFT_eSPI/TFT_eSPI.cpp:617:6: note: 'init' was previously declared here
  617 | void TFT_eSPI::init(uint8_t tc)
      |      ^
lib/TFT_eSPI/TFT_eSPI.cpp:617:6: note: code may be misoptimized unless '-fno-strict-aliasing' is used
lib/TFT_eSPI/TFT_eSPI.h:521:10: warning: type of 'fillScreen' does not match original declaration [-Wlto-type-mismatch]
  521 |     void fillScreen(uint32_t color), drawRect(int32_t x, int32_t y, int32_t w, int32_t h, uint32_t color),
      |          ^
lib/TFT_eSPI/TFT_eSPI.cpp:2607:6: note: 'fillScreen' was previously declared here
 2607 | void TFT_eSPI::fillScreen(uint32_t color)
      |      ^
lib/TFT_eSPI/TFT_eSPI.cpp:2607:6: note: code may be misoptimized unless '-fno-strict-aliasing' is used
lib/TFT_eSPI/TFT_eSPI.h:534:9: warning: type of 'fillEllipse' does not match original declaration [-Wlto-type-mismatch]
  534 |         fillEllipse(int16_t x, int16_t y, int32_t rx, int32_t ry, uint16_t color),
      |         ^
lib/TFT_eSPI/TFT_eSPI.cpp:2562:6: note: 'fillEllipse' was previously declared here
 2562 | void TFT_eSPI::fillEllipse(int16_t x0, int16_t y0, int32_t rx, int32_t ry, uint16_t color)
      |      ^
lib/TFT_eSPI/TFT_eSPI.cpp:2562:6: note: code may be misoptimized unless '-fno-strict-aliasing' is used
lib/TFT_eSPI/TFT_eSPI.h:533:9: warning: type of 'drawEllipse' does not match original declaration [-Wlto-type-mismatch]
  533 |         drawEllipse(int16_t x, int16_t y, int32_t rx, int32_t ry, uint16_t color),
      |         ^
lib/TFT_eSPI/TFT_eSPI.cpp:2510:6: note: 'drawEllipse' was previously declared here
 2510 | void TFT_eSPI::drawEllipse(int16_t x0, int16_t y0, int32_t rx, int32_t ry, uint16_t color)
      |      ^
lib/TFT_eSPI/TFT_eSPI.cpp:2510:6: note: code may be misoptimized unless '-fno-strict-aliasing' is used
lib/TFT_eSPI/TFT_eSPI.h:530:9: warning: type of 'fillCircle' does not match original declaration [-Wlto-type-mismatch]
  530 |         fillCircle(int32_t x, int32_t y, int32_t r, uint32_t color),
      |         ^
lib/TFT_eSPI/TFT_eSPI.cpp:2438:6: note: 'fillCircle' was previously declared here
 2438 | void TFT_eSPI::fillCircle(int32_t x0, int32_t y0, int32_t r, uint32_t color)
      |      ^
lib/TFT_eSPI/TFT_eSPI.cpp:2438:6: note: code may be misoptimized unless '-fno-strict-aliasing' is used
lib/TFT_eSPI/TFT_eSPI.h:528:10: warning: type of 'drawCircle' does not match original declaration [-Wlto-type-mismatch]
  528 |     void drawCircle(int32_t x, int32_t y, int32_t r, uint32_t color),
      |          ^
lib/TFT_eSPI/TFT_eSPI.cpp:2299:6: note: 'drawCircle' was previously declared here
 2299 | void TFT_eSPI::drawCircle(int32_t x0, int32_t y0, int32_t r, uint32_t color)
      |      ^
lib/TFT_eSPI/TFT_eSPI.cpp:2299:6: note: code may be misoptimized unless '-fno-strict-aliasing' is used
lib/TFT_eSPI/TFT_eSPI.h:607:10: warning: type of 'getSwapBytes' does not match original declaration 
[-Wlto-type-mismatch]
  607 |     bool getSwapBytes(void);
      |          ^
lib/TFT_eSPI/TFT_eSPI.cpp:2214:6: note: 'getSwapBytes' was previously declared here
 2214 | bool TFT_eSPI::getSwapBytes(void)
      |      ^
lib/TFT_eSPI/TFT_eSPI.cpp:2214:6: note: code may be misoptimized unless '-fno-strict-aliasing' is used
lib/TFT_eSPI/TFT_eSPI.h:606:10: warning: type of 'setSwapBytes' does not match original declaration 
[-Wlto-type-mismatch]
  606 |     void setSwapBytes(bool swap);
      |          ^
lib/TFT_eSPI/TFT_eSPI.cpp:2204:6: note: 'setSwapBytes' was previously declared here
 2204 | void TFT_eSPI::setSwapBytes(bool swap)
      |      ^
lib/TFT_eSPI/TFT_eSPI.cpp:2204:6: note: code may be misoptimized unless '-fno-strict-aliasing' is used
lib/TFT_eSPI/TFT_eSPI.h:654:10: warning: type of 'pushImage' does not match original declaration [-Wlto-type-mismatch]
  654 |     void pushImage(
      |          ^
lib/TFT_eSPI/TFT_eSPI.cpp:1647:6: note: 'pushImage' was previously declared here
 1647 | void TFT_eSPI::pushImage(int32_t x, int32_t y, int32_t w, int32_t h, const uint8_t *data, bool bpp8,  uint16_t 
*cmap)
      |      ^
lib/TFT_eSPI/TFT_eSPI.cpp:1647:6: note: code may be misoptimized unless '-fno-strict-aliasing' is used
lib/TFT_eSPI/TFT_eSPI.h:636:10: warning: type of 'pushImage' does not match original declaration [-Wlto-type-mismatch]
  636 |     void pushImage(int32_t x, int32_t y, int32_t w, int32_t h, uint16_t *data);
      |          ^
lib/TFT_eSPI/TFT_eSPI.cpp:1472:6: note: 'pushImage' was previously declared here
 1472 | void TFT_eSPI::pushImage(int32_t x, int32_t y, int32_t w, int32_t h, uint16_t *data)
      |      ^
lib/TFT_eSPI/TFT_eSPI.cpp:1472:6: note: code may be misoptimized unless '-fno-strict-aliasing' is used
lib/TFT_eSPI/TFT_eSPI.h:466:10: warning: type of 'setRotation' does not match original declaration 
[-Wlto-type-mismatch]
  466 |     void setRotation(uint8_t r); // Set the display image orientation to 0, 1, 2 or 3
      |          ^
lib/TFT_eSPI/TFT_eSPI.cpp:831:6: note: 'setRotation' was previously declared here
  831 | void TFT_eSPI::setRotation(uint8_t m)
      |      ^
lib/TFT_eSPI/TFT_eSPI.cpp:831:6: note: code may be misoptimized unless '-fno-strict-aliasing' is used
lib/TFT_eSPI/TFT_eSPI.h:441:10: warning: type of 'sleep' does not match original declaration [-Wlto-type-mismatch]
  441 |     void sleep(bool value);
      |          ^
lib/TFT_eSPI/TFT_eSPI.cpp:813:6: note: 'sleep' was previously declared here
  813 | void TFT_eSPI::sleep(bool value)
      |      ^
lib/TFT_eSPI/TFT_eSPI.cpp:813:6: note: code may be misoptimized unless '-fno-strict-aliasing' is used
lib/TFT_eSPI/TFT_eSPI.h:764:10: warning: type of 'writecommand' does not match original declaration 
[-Wlto-type-mismatch]
  764 |     void writecommand(uint8_t c); // Send an 8-bit command, function resets DC/RS high ready for data
      |          ^
lib/TFT_eSPI/TFT_eSPI.cpp:1004:6: note: 'writecommand' was previously declared here
 1004 | void TFT_eSPI::writecommand(uint8_t c)
      |      ^
lib/TFT_eSPI/TFT_eSPI.cpp:1004:6: note: code may be misoptimized unless '-fno-strict-aliasing' is used
lib/TFT_eSPI/TFT_eSPI.h:449:9: warning: type of 'fillRect' does not match original declaration [-Wlto-type-mismatch]
  449 |         fillRect(int32_t x, int32_t y, int32_t w, int32_t h, uint32_t color);
      |         ^
lib/TFT_eSPI/TFT_eSPI.cpp:4682:6: note: 'fillRect' was previously declared here
 4682 | void TFT_eSPI::fillRect(int32_t x, int32_t y, int32_t w, int32_t h, uint32_t color)
      |      ^
lib/TFT_eSPI/TFT_eSPI.cpp:4682:6: note: code may be misoptimized unless '-fno-strict-aliasing' is used
lib/TFT_eSPI/TFT_eSPI.h:448:9: warning: type of 'drawFastHLine' does not match original declaration 
[-Wlto-type-mismatch]
  448 |         drawFastHLine(int32_t x, int32_t y, int32_t w, uint32_t color),
      |         ^
lib/TFT_eSPI/TFT_eSPI.cpp:4652:6: note: 'drawFastHLine' was previously declared here
 4652 | void TFT_eSPI::drawFastHLine(int32_t x, int32_t y, int32_t w, uint32_t color)
      |      ^
lib/TFT_eSPI/TFT_eSPI.cpp:4652:6: note: code may be misoptimized unless '-fno-strict-aliasing' is used
lib/TFT_eSPI/TFT_eSPI.h:447:9: warning: type of 'drawFastVLine' does not match original declaration 
[-Wlto-type-mismatch]
  447 |         drawFastVLine(int32_t x, int32_t y, int32_t h, uint32_t color),
      |         ^
lib/TFT_eSPI/TFT_eSPI.cpp:4622:6: note: 'drawFastVLine' was previously declared here
 4622 | void TFT_eSPI::drawFastVLine(int32_t x, int32_t y, int32_t h, uint32_t color)
      |      ^
lib/TFT_eSPI/TFT_eSPI.cpp:4622:6: note: code may be misoptimized unless '-fno-strict-aliasing' is used
lib/TFT_eSPI/TFT_eSPI.h:451:21: warning: type of 'drawChar' does not match original declaration [-Wlto-type-mismatch]
  451 |     virtual int16_t drawChar(uint16_t uniCode, int32_t x, int32_t y, uint8_t font),
      |                     ^
lib/TFT_eSPI/TFT_eSPI.cpp:5245:9: note: 'drawChar' was previously declared here
 5245 | int16_t TFT_eSPI::drawChar(uint16_t uniCode, int32_t x, int32_t y, uint8_t font)
      |         ^
lib/TFT_eSPI/TFT_eSPI.cpp:5245:9: note: code may be misoptimized unless '-fno-strict-aliasing' is used
lib/TFT_eSPI/TFT_eSPI.h:446:9: warning: type of 'drawLine' does not match original declaration [-Wlto-type-mismatch]
  446 |         drawLine(int32_t xs, int32_t ys, int32_t xe, int32_t ye, uint32_t color),
      |         ^
lib/TFT_eSPI/TFT_eSPI.cpp:3907:6: note: 'drawLine' was previously declared here
 3907 | void TFT_eSPI::drawLine(int32_t x0, int32_t y0, int32_t x1, int32_t y1, uint32_t color)
      |      ^
lib/TFT_eSPI/TFT_eSPI.cpp:3907:6: note: code may be misoptimized unless '-fno-strict-aliasing' is used
lib/TFT_eSPI/TFT_eSPI.h:444:18: warning: type of 'drawPixel' does not match original declaration [-Wlto-type-mismatch]
  444 |     virtual void drawPixel(int32_t x, int32_t y, uint32_t color),
      |                  ^
lib/TFT_eSPI/TFT_eSPI.cpp:3604:6: note: 'drawPixel' was previously declared here
 3604 | void TFT_eSPI::drawPixel(int32_t x, int32_t y, uint32_t color)
      |      ^
lib/TFT_eSPI/TFT_eSPI.cpp:3604:6: note: code may be misoptimized unless '-fno-strict-aliasing' is used
lib/TFT_eSPI/TFT_eSPI.h:445:9: warning: type of 'drawChar' does not match original declaration [-Wlto-type-mismatch]
  445 |         drawChar(int32_t x, int32_t y, uint16_t c, uint32_t color, uint32_t bg, uint8_t size),
      |         ^
lib/TFT_eSPI/TFT_eSPI.cpp:3205:6: note: 'drawChar' was previously declared here
 3205 | void TFT_eSPI::drawChar(int32_t x, int32_t y, uint16_t c, uint32_t color, uint32_t bg, uint8_t size)
      |      ^
lib/TFT_eSPI/TFT_eSPI.cpp:3205:6: note: code may be misoptimized unless '-fno-strict-aliasing' is used
lib/TFT_eSPI/TFT_eSPI.h:463:18: warning: type of 'begin_nin_write' does not match original declaration 
[-Wlto-type-mismatch]
  463 |     virtual void begin_nin_write();
      |                  ^
lib/TFT_eSPI/TFT_eSPI.cpp:91:6: note: 'begin_nin_write' was previously declared here
   91 | void TFT_eSPI::begin_nin_write(void){
      |      ^
lib/TFT_eSPI/TFT_eSPI.cpp:91:6: note: code may be misoptimized unless '-fno-strict-aliasing' is used
lib/TFT_eSPI/Extensions/Sprite.h:83:12: warning: type of 'drawLine' does not match original declaration 
[-Wlto-type-mismatch]
   83 |            drawLine(int32_t x0, int32_t y0, int32_t x1, int32_t y1, uint32_t color),
      |            ^
lib/TFT_eSPI/Extensions/Sprite.cpp:1690:6: note: 'drawLine' was previously declared here
 1690 | void TFT_eSprite::drawLine(int32_t x0, int32_t y0, int32_t x1, int32_t y1, uint32_t color)
      |      ^
lib/TFT_eSPI/Extensions/Sprite.cpp:1690:6: note: code may be misoptimized unless '-fno-strict-aliasing' is used
lib/TFT_eSPI/TFT_eSPI.h:464:18: warning: type of 'end_nin_write' does not match original declaration 
[-Wlto-type-mismatch]
  464 |     virtual void end_nin_write();
      |                  ^
lib/TFT_eSPI/TFT_eSPI.cpp:122:13: note: 'end_nin_write' was previously declared here
  122 | inline void TFT_eSPI::end_nin_write(void){
      |             ^
lib/TFT_eSPI/TFT_eSPI.cpp:122:13: note: code may be misoptimized unless '-fno-strict-aliasing' is used
lib/TFT_eSPI/Extensions/Sprite.h:85:12: warning: type of 'drawFastHLine' does not match original declaration 
[-Wlto-type-mismatch]
   85 |            drawFastHLine(int32_t x, int32_t y, int32_t w, uint32_t color),
      |            ^
lib/TFT_eSPI/Extensions/Sprite.cpp:1809:6: note: 'drawFastHLine' was previously declared here
 1809 | void TFT_eSprite::drawFastHLine(int32_t x, int32_t y, int32_t w, uint32_t color)
      |      ^
lib/TFT_eSPI/Extensions/Sprite.cpp:1809:6: note: code may be misoptimized unless '-fno-strict-aliasing' is used
lib/TFT_eSPI/Extensions/Sprite.h:84:12: warning: type of 'drawFastVLine' does not match original declaration 
[-Wlto-type-mismatch]
   84 |            drawFastVLine(int32_t x, int32_t y, int32_t h, uint32_t color),
      |            ^
lib/TFT_eSPI/Extensions/Sprite.cpp:1748:6: note: 'drawFastVLine' was previously declared here
 1748 | void TFT_eSprite::drawFastVLine(int32_t x, int32_t y, int32_t h, uint32_t color)
      |      ^
lib/TFT_eSPI/Extensions/Sprite.cpp:1748:6: note: code may be misoptimized unless '-fno-strict-aliasing' is used
lib/TFT_eSPI/TFT_eSPI.h:460:18: warning: type of 'pushColor' does not match original declaration [-Wlto-type-mismatch]
  460 |     virtual void pushColor(uint16_t color);
      |                  ^
lib/TFT_eSPI/TFT_eSPI.cpp:3812:6: note: 'pushColor' was previously declared here
 3812 | void TFT_eSPI::pushColor(uint16_t color)
      |      ^
lib/TFT_eSPI/TFT_eSPI.cpp:3812:6: note: code may be misoptimized unless '-fno-strict-aliasing' is used
lib/TFT_eSPI/TFT_eSPI.h:452:9: warning: type of 'drawChar' does not match original declaration [-Wlto-type-mismatch]
  452 |         drawChar(uint16_t uniCode, int32_t x, int32_t y), height(void), width(void);
      |         ^
lib/TFT_eSPI/TFT_eSPI.cpp:5239:9: note: 'drawChar' was previously declared here
 5239 | int16_t TFT_eSPI::drawChar(uint16_t uniCode, int32_t x, int32_t y)
      |         ^
lib/TFT_eSPI/TFT_eSPI.cpp:5239:9: note: code may be misoptimized unless '-fno-strict-aliasing' is used
lib/TFT_eSPI/TFT_eSPI.h:457:18: warning: type of 'setWindow' does not match original declaration [-Wlto-type-mismatch]
  457 |     virtual void setWindow(int32_t xs, int32_t ys, int32_t xe, int32_t ye); // Note: start + end coordinates
      |                  ^
lib/TFT_eSPI/TFT_eSPI.cpp:3382:6: note: 'setWindow' was previously declared here
 3382 | void TFT_eSPI::setWindow(int32_t x0, int32_t y0, int32_t x1, int32_t y1)
      |      ^
lib/TFT_eSPI/TFT_eSPI.cpp:3382:6: note: code may be misoptimized unless '-fno-strict-aliasing' is used
lib/TFT_eSPI/TFT_eSPI.h:452:59: warning: type of 'height' does not match original declaration [-Wlto-type-mismatch]
  452 |         drawChar(uint16_t uniCode, int32_t x, int32_t y), height(void), width(void);
      |                                                           ^
lib/TFT_eSPI/TFT_eSPI.cpp:3065:9: note: 'height' was previously declared here
 3065 | int16_t TFT_eSPI::height(void)
      |         ^
lib/TFT_eSPI/TFT_eSPI.cpp:3065:9: note: code may be misoptimized unless '-fno-strict-aliasing' is used
lib/TFT_eSPI/TFT_eSPI.h:452:73: warning: type of 'width' does not match original declaration [-Wlto-type-mismatch]
  452 |         drawChar(uint16_t uniCode, int32_t x, int32_t y), height(void), width(void);
      |                                                                         ^
lib/TFT_eSPI/TFT_eSPI.cpp:3054:9: note: 'width' was previously declared here
 3054 | int16_t TFT_eSPI::width(void)
      |         ^
lib/TFT_eSPI/TFT_eSPI.cpp:3054:9: note: code may be misoptimized unless '-fno-strict-aliasing' is used
.pio/libdeps/lilygo-t-embed-cc1101/ESP Chameleon Ultra/src/chameleonUltra.cpp:32:7: warning: virtual table of type 
'struct scanCallbacks' violates one definition rule [-Wodr]
   32 | class scanCallbacks : public NimBLEAdvertisedDeviceCallbacks {
      |       ^
.pio/libdeps/lilygo-t-embed-cc1101/ESP Chameleon Ultra/src/chameleonUltra.cpp:32:7: note: the conflicting type defined 
in another translation unit
.pio/libdeps/lilygo-t-embed-cc1101/NimBLE-Arduino/src/NimBLEScan.h:222:18: note: virtual method 'onResult'
  222 |     virtual void onResult(const NimBLEAdvertisedDevice* advertisedDevice);
      |                  ^
.pio/libdeps/lilygo-t-embed-cc1101/ESP PN32BLE/src/pn532_ble.cpp:29:10: note: ought to match virtual method 'onResult' 
but does not
   29 |     void onResult(const NimBLEAdvertisedDevice *advertisedDevice)
      |          ^
lto-wrapper.exe: warning: using serial compilation of 67 LTRANS jobs
lto-wrapper.exe: note: see the '-flto' option documentation for more information
In function 'sdctII',
    inlined from 'dctIV' at .pio/libdeps/lilygo-t-embed-cc1101/ESP8266Audio/src/libmad/layer3.c:1786:5,
    inlined from 'imdct36' at .pio/libdeps/lilygo-t-embed-cc1101/ESP8266Audio/src/libmad/layer3.c:1812:5,
    inlined from 'III_imdct_l' at .pio/libdeps/lilygo-t-embed-cc1101/ESP8266Audio/src/libmad/layer3.c:2136:5:
.pio/libdeps/lilygo-t-embed-cc1101/ESP8266Audio/src/libmad/layer3.c:1746:5: warning: 'fastsdct' accessing 72 bytes in 
a region of size 68 [-Wstringop-overflow=]
 1746 |     fastsdct(tmp, &X[1]);
      |     ^
.pio/libdeps/lilygo-t-embed-cc1101/ESP8266Audio/src/libmad/layer3.c:1746:5: note: referencing argument 2 of type 
'mad_fixed_t[18]'
.pio/libdeps/lilygo-t-embed-cc1101/ESP8266Audio/src/libmad/layer3.c: In function 'III_imdct_l':
.pio/libdeps/lilygo-t-embed-cc1101/ESP8266Audio/src/libmad/layer3.c:1644:6: note: in a call to function 'fastsdct'
 1644 | void fastsdct(mad_fixed_t const x[9], mad_fixed_t y[18]) {
      |      ^
.pio/libdeps/lilygo-t-embed-cc1101/ESP8266Audio/src/libhelix-aac/sbrhuff.c: In function 'raac_DecodeSBRNoise':
.pio/libdeps/lilygo-t-embed-cc1101/ESP8266Audio/src/libhelix-aac/sbrhuff.c:395:59: warning: writing 1 byte into a 
region of size 0 [-Wstringop-overflow=]
  395 |                 sbrChan->noiseDataQuant[noiseFloor][band] = sf + sbrChan->noiseDataQuant[lastNoiseFloor][band];
      |                                                           ^
.pio/libdeps/lilygo-t-embed-cc1101/ESP8266Audio/src/libhelix-aac/sbr.h:260:27: note: at offset 10 into destination 
object 'noiseDataQuant' of size 10
  260 |     signed char           noiseDataQuant[MAX_NUM_NOISE_FLOORS][MAX_NUM_NOISE_FLOOR_BANDS];
      |                           ^
.pio/libdeps/lilygo-t-embed-cc1101/ESP8266Audio/src/libhelix-aac/sbrhuff.c:389:59: warning: writing 1 byte into a 
region of size 0 [-Wstringop-overflow=]
  389 |                 sbrChan->noiseDataQuant[noiseFloor][band] = sf + sbrChan->noiseDataQuant[noiseFloor][band - 1];
      |                                                           ^
.pio/libdeps/lilygo-t-embed-cc1101/ESP8266Audio/src/libhelix-aac/sbr.h:260:27: note: at offset 10 into destination 
object 'noiseDataQuant' of size 10
  260 |     signed char           noiseDataQuant[MAX_NUM_NOISE_FLOORS][MAX_NUM_NOISE_FLOOR_BANDS];
      |                           ^
Memory region         Used Size  Region Size  %age Used
     iram0_0_seg:      110848 B     358144 B     30.95%
     iram0_2_seg:     3132676 B    8388576 B     37.34%
     dram0_0_seg:      244056 B     341760 B     71.41%
     drom0_0_seg:     4207452 B   33554400 B     12.54%
    rtc_iram_seg:          96 B       8152 B      1.18%
rtc_reserved_seg:          40 B         40 B    100.00%
    rtc_slow_seg:          36 B       7680 B      0.47%
  extern_ram_seg:     4194272 B   33554400 B     12.50%
Firmware metrics can not be shown. Set the terminal codepage to "utf-8" or "cp65001" on Windows.
Retrieving maximum program size .pio\build\lilygo-t-embed-cc1101\firmware.elf
Checking size .pio\build\lilygo-t-embed-cc1101\firmware.elf
Advanced Memory Usage is available via "PlatformIO Home > Project Inspect"
RAM:   [=====     ]  45.7% (used 149592 bytes from 327680 bytes)
Flash: [===       ]  25.7% (used 4317310 bytes from 16777216 bytes)
Building .pio\build\lilygo-t-embed-cc1101\firmware.bin with action:
  $ERASETOOL --chip esp32s3 elf2image --flash-mode ${__get_board_flash_mode(__env__)} --flash-freq ${__get_board_f_image(__env__)} --flash-size 16MB --elf-sha256-offset 0xb0 -o "$TARGET" "$SOURCES"
Building .pio\build\lilygo-t-embed-cc1101\firmware.bin
esptool v5.3.0
Creating ESP32-S3 image...
Merged 4 ELF sections.
Successfully created ESP32-S3 image.
Creating binary "firmware.factory.bin" with:
    Offset   | File
 -  0x0000   | bootloader.bin
 -  0x8000   | partitions.bin
 -  0xe000   | boot_app0.bin
 -  0x10000  | firmware.bin
Successfully created combined binary image.
_merge_bins_callback([".pio\build\lilygo-t-embed-cc1101\firmware.bin"], [".pio\build\lilygo-t-embed-cc1101\firmware.elf"])
[merge_bin] Merging binaries:
  "C:\Users\cazie\.platformio\penv\Scripts\python.exe" -m platformio pkg exec -p "tool-esptoolpy" -- esptool.py --chip esp32s3 merge-bin --output "C:\Users\cazie\Vigilance\Bruce-lilygo-t-embed-cc1101.bin" 0x0 "C:\Users\cazie\Vigilance\.pio\build\lilygo-t-embed-cc1101\bootloader.bin" 0x8000 "C:\Users\cazie\Vigilance\.pio\build\lilygo-t-embed-cc1101\partitions.bin" 0x10000 "C:\Users\cazie\Vigilance\.pio\build\lilygo-t-embed-cc1101\firmware.bin"
"C:\Users\cazie\.platformio\penv\Scripts\python.exe" -m platformio pkg exec -p "tool-esptoolpy" -- esptool.py --chip esp32s3 merge-bin --output "C:\Users\cazie\Vigilance\Bruce-lilygo-t-embed-cc1101.bin" 0x0 "C:\Users\cazie\Vigilance\.pio\build\lilygo-t-embed-cc1101\bootloader.bin" 0x8000 "C:\Users\cazie\Vigilance\.pio\build\lilygo-t-embed-cc1101\partitions.bin" 0x10000 "C:\Users\cazie\Vigilance\.pio\build\lilygo-t-embed-cc1101\firmware.bin"
Using tool-esptoolpy@5.3.0 package
Warning: DEPRECATED: 'esptool.py' is deprecated. Please use 'esptool' instead. The '.py' suffix will be removed in a future major release.
esptool v5.3.0
Wrote 0x42e2a0 bytes to file 'C:\Users\cazie\Vigilance\Bruce-lilygo-t-embed-cc1101.bin', ready to flash to offset 0x0.
[merge_bin] Success -> C:\Users\cazie\Vigilance\Bruce-lilygo-t-embed-cc1101.bin (4383392 bytes)
======================== [SUCCESS] Took 447.15 seconds ========================

Environment            Status    Duration
---------------------  --------  ------------
lilygo-t-embed-cc1101  SUCCESS   00:07:27.155
========================= 1 succeeded in 00:07:27.155 =========================
